2014-01-03,0.9881314660212095,0.9989628179316719
2014-01-06,0.9847176783415968,0.9958377190762954
2014-01-07,0.9780958652208583,0.9909800389083419
2014-01-08,0.9835873147567923,0.9954321354313036
2014-01-09,0.9881276970618673,0.9955375959010586
2014-01-10,0.9841934655575306,0.9924764510835699
2014-01-13,0.9836260278100611,0.9994768636609394
2014-01-14,0.9838714426123474,1.0042673044742403
2014-01-15,0.9810147405091644,1.0042758937493086
2014-01-16,0.9772014316267025,1.0092063582824893
2014-01-17,0.9742798971436386,1.0043694645171848
2014-01-20,0.9642714959738666,0.9986655800563105
2014-01-21,0.9697071867037935,0.9917349379090654
2014-01-22,0.9490158790456418,0.9790246690146672
2014-01-23,0.9502556528719898,0.9735099701614403
2014-01-24,0.949178389405946,0.9725256605643781
2014-01-27,0.9457878480738598,0.9717475978765397
2014-01-28,0.9512265167255967,0.9772277101553434
2014-01-29,0.95599158911819,0.9774502181224153
2014-01-30,0.9590548545225835,0.9714516133647061
2014-01-31,0.9650152137026947,0.972574041941843
2014-02-03,0.96262729784452,0.9739237005751181
2014-02-04,0.9801128091810234,0.989591935949906
2014-02-05,0.9873035684066781,1.0014810817411979
2014-02-06,0.9900490498411287,1.0005864787182237
2014-02-07,0.9944517283775731,1.005468913107898
2014-02-10,0.9958929336262236,1.0101861556859653
2014-02-11,0.9985574187650493,1.012757341147522
2014-02-12,1.0004502262440829,1.0155372383041577
2014-02-13,0.9981541245761367,1.0172294686391088
2014-02-14,0.9993554905449191,1.0118833882969622
2014-02-18,1.0047893711154603,1.0162724942109358
2014-02-19,0.9966587205992729,1.0109970292899337
2014-02-20,1.0019714163877957,1.0186092886328764
2014-02-21,1.0029665360919733,1.0156125952894892
2014-02-24,0.9981634324242424,1.0125965228648452
2014-02-25,1.001682459951198,1.0136212079204505
2014-02-26,1.011923977632853,1.021958719168412
2014-02-27,1.0162069674281944,1.023783160400728
2014-02-28,1.0151839749416387,1.0275107657700708
2014-03-03,1.020952470774036,1.0309115809228924
2014-03-04,1.0205604267099122,1.0360476569676567
2014-03-05,1.015781314547091,1.0275189501530417
2014-03-06,1.012065606740495,1.025875749682967
2014-03-07,1.0078946755959375,1.0226272466763802
2014-03-10,1.0093546289263624,1.0237264289379826
2014-03-11,1.0107574876981926,1.0263023220796343
2014-03-12,1.0074098110938972,1.021955673122564
2014-03-13,1.0080743936473902,1.0247841760253311
2014-03-14,1.0086104911593805,1.0301848240989178
2014-03-17,1.0023039851799638,1.0183096009412105
2014-03-18,0.9998189596689447,1.0124707206297052
2014-03-19,0.9997244562940955,1.0136660124843577
2014-03-20,0.9986681699771246,1.0076963528375003
2014-03-21,1.007003805109276,1.0131726405585368
2014-03-24,1.009739796847196,1.0077637776372053
2014-03-25,1.0172668154739966,1.0155051652708291
2014-03-26,1.025138539945508,1.0222142592894878
2014-03-27,1.0335499463448383,1.0291935902604903
2014-03-28,1.0372800940390774,1.0351510056001199
2014-03-31,1.0405546530343408,1.0408314568726649
2014-04-01,1.0429925434355072,1.0378248129398202
2014-04-02,1.053389216802608,1.0430720908575635
2014-04-03,1.0468411390009356,1.0333205972582866
2014-04-04,1.0545217846897972,1.0436000670527121
2014-04-07,1.0587955445225723,1.0469084852199249
2014-04-08,1.0541192759164322,1.0409394442867563
2014-04-09,1.0551849238442632,1.033508243324442
2014-04-10,1.0570900108194063,1.034543201359743
2014-04-11,1.0582010098288226,1.033003814292038
2014-04-14,1.0650522520082426,1.0367028829584193
2014-04-15,1.0680241665490469,1.0411610532965951
2014-04-16,1.0665722239652402,1.0372194571934779
2014-04-17,1.0670894522516334,1.039913759451933
2014-04-21,1.0638727428396049,1.0370705495921628
2014-04-22,1.0733128788413302,1.0428289247166342
2014-04-23,1.0700738726393513,1.042054289972028
2014-04-24,1.074371520589766,1.0424471889598603
2014-04-25,1.0853055066092876,1.0511808741846098
2014-04-28,1.0890966586447197,1.0553048241627332
2014-04-29,1.0883180549934723,1.0550292245298383
2014-04-30,1.0927330500720474,1.0649869375261576
2014-05-01,1.0907005716978069,1.0597692979068027
2014-05-02,1.0905516794510122,1.0599489499383055
2014-05-05,1.0986824916174147,1.063456446804046
2014-05-06,1.0991815981521453,1.0602618107448916
2014-05-07,1.0988091890470097,1.0565984061799973
2014-05-08,1.1087218087652144,1.066411526013114
2014-05-09,1.1061430863156059,1.067128074558956
2014-05-12,1.105301806419388,1.0669213961986332
2014-05-13,1.1118845280250622,1.062886000093404
2014-05-14,1.1055377158205866,1.0561485087439824
2014-05-15,1.1051392509389104,1.0537704618041501
2014-05-16,1.1091617645049132,1.056710809296834
2014-05-20,1.1134773282592993,1.0599463846318695
2014-05-21,1.1166823189093917,1.0619200076699495
2014-05-22,1.1171871856754354,1.0639663661646468
2014-05-23,1.1152637095725706,1.058400250902838
2014-05-26,1.1106570133460554,1.0537200834113076
2014-05-27,1.1120552402247845,1.0564079991743294
2014-05-28,1.1087307120946763,1.0537682878256822
2014-05-29,1.1083308424517293,1.0531656451736102
2014-05-30,1.1160538210064237,1.055606596553449
2014-06-02,1.1164055404815811,1.0556046738915636
2014-06-03,1.1181813231297906,1.0574258064081776
2014-06-04,1.1240123356103604,1.0633447034653545
2014-06-05,1.1294188447718265,1.0677405393772448
2014-06-06,1.1274287111282137,1.0687508151595433
2014-06-09,1.131297656783987,1.0723886570567964
2014-06-10,1.13129219273354,1.073843199185272
2014-06-11,1.1315536987839252,1.0763570961676354
2014-06-12,1.1324846721592396,1.0826910141077093
2014-06-13,1.1335886493893763,1.0834009056790113
2014-06-16,1.1357394353434416,1.0858342322787895
2014-06-17,1.1341530369365218,1.0901088999242217
2014-06-18,1.1360740970813767,1.0935570799284664
2014-06-19,1.1414120283303084,1.09804846907342
2014-06-20,1.1510912985748711,1.0917330055576446
2014-06-23,1.154609574085836,1.0939813294774965
2014-06-24,1.157363449912313,1.0990596945341182
2014-06-25,1.1649864834923522,1.1049535701543836
2014-06-26,1.1689473139681388,1.1123112612832071
2014-06-27,1.165766885149409,1.1159267949933394
2014-06-30,1.167671694396809,1.1179144844282671
2014-07-02,1.172800292338605,1.1209031779226715
2014-07-03,1.1656444847976497,1.1156353327151596
2014-07-04,1.1581650335593474,1.1120128200163015
2014-07-07,1.1638258298361874,1.1198114121335014
2014-07-08,1.161171483552984,1.1113764847879626
2014-07-09,1.158298268489003,1.1094847490714583
2014-07-10,1.1617665916938191,1.1109655175879867
2014-07-11,1.158784778247048,1.1040634668450935
2014-07-14,1.1655896488689332,1.1149353971061509
2014-07-15,1.16326511388103,1.1138739536401945
2014-07-16,1.1672900344781796,1.1196334204203242
2014-07-17,1.1680433898727631,1.11902165536259
2014-07-18,1.173472918391232,1.1221472575105198
2014-07-21,1.1835253099341179,1.1290875486403735
2014-07-22,1.1811435191152457,1.1269049874064208
2014-07-23,1.1781256812916596,1.1263797975671412
2014-07-24,1.1706925549261855,1.1241320293052706
2014-07-25,1.167229554712754,1.1217660986588485
2014-07-28,1.1617505832720736,1.1171197358574914
2014-07-29,1.15742384043945,1.1057294961693123
2014-07-30,1.1455237215495373,1.0961433409058678
2014-07-31,1.1429932012678021,1.0907140223650937
2014-08-01,1.1467442664636769,1.093771896609662
2014-08-05,1.1448298202109501,1.0884048117002616
2014-08-06,1.14288459568246,1.0878771189882916
2014-08-07,1.1548372704496501,1.0965922594658553
2014-08-08,1.15361775166481,1.0974838250508736
2014-08-11,1.1594830474511482,1.1013611681835922
2014-08-12,1.16117609807399,1.1052201035248435
2014-08-13,1.1639444616942205,1.1061111064037972
2014-08-14,1.171363751424974,1.1121478991106495
2014-08-15,1.1715078635186122,1.1163134724137158
2014-08-18,1.1765211793705959,1.1195640881620468
2014-08-19,1.177647039858593,1.1177227284653692
2014-08-20,1.1793261713014724,1.1163049712274171
2014-08-21,1.1793040600100066,1.1176614415106787
2014-08-22,1.1806536121106137,1.1184574656526396
2014-08-25,1.1858804358376698,1.1222063550536592
2014-08-26,1.1917162478526429,1.1249312762450654
2014-08-27,1.1962712440345324,1.129480328778068
2014-08-28,1.1916202747213793,1.1226976754886369
2014-08-29,1.1961720761733021,1.1280870750971705
2014-09-02,1.1984832223618056,1.1267920808920684
2014-09-03,1.194843208182384,1.1224855119660686
2014-09-04,1.1908230699791948,1.1165063152016825
2014-09-05,1.1852822471836362,1.1108776982484334
2014-09-08,1.1843923630543793,1.1089086062871478
2014-09-09,1.1860333617645695,1.1091705506756666
2014-09-10,1.1832250098187342,1.1058529994884436
2014-09-11,1.1825213212884498,1.1048700550319415
2014-09-12,1.1814505454088424,1.10998974855929
2014-09-15,1.1897822472237936,1.11481518485679
2014-09-16,1.193707647899801,1.116055938064201
2014-09-17,1.1857030629586716,1.1030715331086007
2014-09-18,1.1666861418932257,1.0826152267945817
2014-09-19,1.1662658952416485,1.0790234637628204
2014-09-22,1.1613466630248905,1.073847851899595
2014-09-23,1.1523261391339115,1.0598673035026993
2014-09-24,1.1502882883141736,1.0625354936807152
2014-09-25,1.1491454664674197,1.0607953607356042
2014-09-26,1.1525943839052022,1.057286572048856
2014-09-29,1.1489881433674156,1.0492611167455663
2014-09-30,1.149102339237907,1.0500377764397413
2014-10-01,1.1436492130030058,1.0397239872638604
2014-10-02,1.1548882623988426,1.044289822025249
2014-10-03,1.1417838939692477,1.0330434137983762
2014-10-06,1.1309327555905362,1.0336818266137444
2014-10-07,1.1207295242468915,1.022287782101614
2014-10-08,1.1160238427155813,1.0029094243045498
2014-10-09,1.0919490535081158,0.9912031321278633
2014-10-10,1.0843392817993285,0.9748447882563536
2014-10-14,1.1266837669594696,0.9914087776683222
2014-10-15,1.1468973054874643,1.0029371711278232
2014-10-16,1.1514037230829073,1.0087217213073045
2014-10-17,1.1694661777340696,1.0264801781706776
2014-10-20,1.167964940807028,1.0110549100667314
2014-10-21,1.1842740678766819,1.0215089574613798
2014-10-22,1.1879476547449581,1.0278055304305826
2014-10-23,1.1832464795629174,1.0231541344322574
2014-10-24,1.1988477067517527,1.041376822997632
2014-10-27,1.1970876096918937,1.0373534320238158
2014-10-28,1.190856853146277,1.0245670986641293
2014-10-29,1.1986426292625025,1.024286391241617
2014-10-30,1.1870025968877698,1.018458651918632
2014-10-31,1.1686700870344282,0.9958555009546006
2014-11-03,1.1845369832565993,1.0071890881922931
2014-11-04,1.1861263841587877,1.0081440372640103
2014-11-05,1.2004588698906344,1.0292457269012865
2014-11-06,1.2030225023451915,1.0315808105166109
2014-11-07,1.2060873077781942,1.0339898585554343
2014-11-10,1.2159110115786746,1.0418216430601444
2014-11-11,1.2078171268567381,1.0331524065838926
2014-11-12,1.211118220680195,1.0439650138291683
2014-11-13,1.2109755357157532,1.0479932152239122
2014-11-14,1.217714217418782,1.058954090333614
2014-11-17,1.2272322262858975,1.0543210419255438
2014-11-18,1.245839392581709,1.0660751856795385
2014-11-19,1.2495739431840438,1.0753462564953535
2014-11-20,1.2344974665984292,1.0622052849936454
2014-11-21,1.2316694334105582,1.071141318993471
2014-11-24,1.2394241370183299,1.0721474421567625
2014-11-25,1.2214679692837496,1.0570879258432453
2014-11-26,1.1947885563112957,1.0371506901978618
2014-11-27,1.1611907924751403,1.0359457583685938
2014-11-28,1.1812427699122414,1.0348733658444274
2014-12-01,1.2400172759610695,1.0502892035787197
2014-12-02,1.226088226956322,1.0344720079649143
2014-12-03,1.217113906931792,1.028966138215319
2014-12-04,1.202509941136223,1.006981539256978
2014-12-05,1.1974414071938806,1.011892875879124
2014-12-08,1.1694931227750607,0.9866232692327461
2014-12-09,1.1719869234146378,0.9838948056202065
2014-12-10,1.1604127459680271,0.9716905048208694
2014-12-11,1.164225809618036,0.9609895745314341
2014-12-12,1.1783662607523195,0.9662066893158299
2014-12-15,1.2065819000589608,0.986609377209483
2014-12-16,1.2294914200340534,1.004070564917415
2014-12-17,1.2459997033589547,1.0135547487427732
2014-12-18,1.2439552974868382,1.0044063215980854
2014-12-19,1.2574820872762789,1.0172745595946473
2014-12-22,1.2612237179065915,1.020926381377669
2014-12-23,1.2601547940527256,1.0239046860170655
2014-12-24,1.2483273608877377,1.024949801144886
2014-12-29,1.2486366809788578,1.0271294834522633
2014-12-30,1.244777038373279,1.027660634590667
2014-12-31,1.2484128855408034,1.0035756313329938
2015-01-02,1.23546901776335,0.9967886646297968
2015-01-05,1.2351590654072624,0.9931926295772396
2015-01-06,1.2484576510737044,1.0068457600674219
2015-01-07,1.2322134177616262,1.0003070411707229
2015-01-08,1.212915427739079,0.9882349870781041
2015-01-09,1.2122953496281195,0.9822661832673624
2015-01-12,1.2181471494793688,0.9718439893339409
2015-01-13,1.2003169478478037,0.9688958383118886
2015-01-14,1.2044043561385882,0.977516198031126
2015-01-15,1.2132162064445102,0.9804821524206205
2015-01-16,1.1924134538895588,0.9691129165138183
2015-01-19,1.1905527650718157,0.972803524880701
2015-01-20,1.2134590226899564,0.9859355372453101
2015-01-21,1.2043971731360965,0.980750139400574
2015-01-22,1.2042011236202954,0.9818043637713154
2015-01-23,1.1954872613555347,0.9875579257555658
2015-01-26,1.1994741201384957,0.9732005851835169
2015-01-27,1.1998331620605722,0.965500992215221
2015-01-28,1.1903884546271006,0.961767780821343
2015-01-29,1.2205663939666636,0.9872662126861972
2015-01-30,1.2353418781708243,1.000707671811395
2015-02-02,1.222148013714918,0.9920061768993755
2015-02-03,1.2345248605091466,1.0088548101685206
2015-02-04,1.223535701493791,0.9977845602834303
2015-02-05,1.231860802753621,1.0014499202503515
2015-02-06,1.2297227747562953,0.9974660025010933
2015-02-09,1.2254907424440848,0.9885523812468742
2015-02-10,1.244223256987369,1.0044446698727134
2015-02-11,1.2510939161713397,1.0095065613103276
2015-02-12,1.255123380964912,1.010981387380031
2015-02-13,1.259217384644875,1.0103298617890089
2015-02-17,1.249146963909772,0.9995931427144407
2015-02-18,1.2536977273686014,1.0007856658904397
2015-02-19,1.2453044135221858,0.9950992872712873
2015-02-20,1.2425004399194306,0.9942990413974636
2015-02-23,1.2526958867211675,1.0080571302040713
2015-02-24,1.2441916430121425,1.0015076725960879
2015-02-25,1.2493629166272295,1.0053509776938176
2015-02-26,1.2525028382591217,1.0036300775449774
2015-02-27,1.247652286432084,0.9995444456678851
2015-03-02,1.2469197179326676,0.9922488143995859
2015-03-03,1.244812284987616,0.9907913430409793
2015-03-04,1.2244431860870748,0.9695148972804224
2015-03-05,1.2252742726622314,0.9644666395964193
2015-03-06,1.2068255713874294,0.94753519194462
2015-03-09,1.2002559386504246,0.9472513400797409
2015-03-10,1.2078031651737893,0.9549756172537625
2015-03-11,1.197738111812678,0.9445251806999717
2015-03-12,1.210085027928672,0.9556351562964281
2015-03-13,1.2247330034770896,0.9570969657109569
2015-03-16,1.2359391441984555,0.9647364773542036
2015-03-17,1.237881930142297,0.9612107582383149
2015-03-18,1.2442587785827495,0.9793488208977117
2015-03-19,1.2528488387647707,0.9884080300987251
2015-03-20,1.262471740580444,0.9963355416227085
2015-03-23,1.2495836359798809,0.9857623191002275
2015-03-24,1.2496178863502492,0.9822655145470598
2015-03-25,1.2461355586996905,0.9707573757247426
2015-03-26,1.2562723095372221,0.9678220220060757
2015-03-27,1.2666386753841063,0.9676664991133398
2015-03-30,1.2692874163096368,0.9731687599475091
2015-03-31,1.282637898336131,0.9823282766561986
2015-04-01,1.2940563788020272,0.9977701067333837
2015-04-02,1.293445228478143,0.9968080806831088
2015-04-06,1.289791694958883,0.9934898169274029
2015-04-07,1.2824483508370914,0.9944259506067001
2015-04-08,1.2804335641083504,0.9989138136281964
2015-04-09,1.2894420384287715,0.9983914138024291
2015-04-10,1.2990363238906941,1.0086233878923794
2015-04-13,1.3025287572287172,1.0189063963300542
2015-04-14,1.3196946518293127,1.0287326982261726
2015-04-15,1.320667842954381,1.0277023493939401
2015-04-16,1.3326535128412564,1.0336706771590556
2015-04-17,1.326895771552487,1.0228683406780927
2015-04-20,1.3307416802716718,1.0222702692807295
2015-04-21,1.3439658045327074,1.036615037262372
2015-04-22,1.3403362326348287,1.0380284327976073
2015-04-23,1.3316708906508399,1.0412262454594443
2015-04-24,1.3408615685999927,1.0498241078542512
2015-04-27,1.3437005521428325,1.054838091277743
2015-04-28,1.3369536429163738,1.035482262413252
2015-04-29,1.3426591793990859,1.039479774043498
2015-04-30,1.3412872444171797,1.0448040532805936
2015-05-01,1.3413097893142207,1.0405104055015524
2015-05-04,1.3384692074806146,1.0332285709842792
2015-05-05,1.328061381723541,1.0252855858898289
2015-05-06,1.3319130529840237,1.0313748996450574
2015-05-07,1.3425020230445444,1.0352961497484168
2015-05-08,1.3451871771058328,1.0338010583975075
2015-05-11,1.3417276685964084,1.0332105555381792
2015-05-12,1.3446892468958198,1.038834628268099
2015-05-13,1.3548138109782935,1.0402244566804166
2015-05-14,1.3221003693003675,1.017217149646273
2015-05-15,1.3188157712362911,1.0145728948995567
2015-05-19,1.32846255672502,1.0213435566480942
2015-05-20,1.3205398625319438,1.013442373603267
2015-05-21,1.3161624891165877,1.010517560143911
2015-05-22,1.298199548250297,0.9890137589348562
2015-05-25,1.2960033438433232,0.990015625241035
2015-05-26,1.2986079336707803,0.9913229885790817
2015-05-27,1.295714309801587,0.9880040613520669
2015-05-28,1.2958413430497662,0.9865404748088076
2015-05-29,1.303629579927357,0.9970706146025035
2015-06-01,1.2967864670009883,0.9962624029590894
2015-06-02,1.2866077858317169,0.9861372787055616
2015-06-03,1.2875885143200139,0.9811411743278017
2015-06-04,1.2721283708174884,0.9700815435568667
2015-06-05,1.2959274026075083,0.9841208246579625
2015-06-08,1.3086543104725807,0.9957109029636028
2015-06-09,1.3020885838781557,0.9882501003384171
2015-06-10,1.2966612829093531,0.9829452747818309
2015-06-11,1.300306019372939,0.9815950386691353
2015-06-12,1.2904274651742373,0.9771777450592526
2015-06-15,1.301264430595129,0.979268861381429
2015-06-16,1.3071424389916404,0.9919041667504732
2015-06-17,1.294676229661232,0.9774771541424654
2015-06-18,1.310305443117436,0.986724115929784
2015-06-19,1.3114754945388312,0.9893746389384511
2015-06-22,1.292505108857102,0.9846204192684712
2015-06-23,1.290347682448738,0.9839913921674827
2015-06-24,1.286846668637055,0.9751841660334601
2015-06-25,1.2810277885501902,0.957594532027839
2015-06-26,1.2711820331815622,0.9516135196317032
2015-06-29,1.2635005682214202,0.9501523975418293
2015-06-30,1.2604504059879156,0.9519429556673422
2015-07-02,1.2470893659682656,0.9408508577677555
2015-07-03,1.25071632389163,0.9352647791256631
2015-07-06,1.2562485984330931,0.9243563258809578
2015-07-07,1.2452476843932878,0.9123868362173435
2015-07-08,1.2496876557302634,0.9166540195521989
2015-07-09,1.260454707951793,0.9234825745125366
2015-07-10,1.2655772653277726,0.9288516787412046
2015-07-13,1.2463271908242615,0.9173226319143486
2015-07-14,1.2439776739665103,0.917810716868589
2015-07-15,1.2395653732778162,0.9072712754633908
2015-07-16,1.2248838192385592,0.887759131520466
2015-07-17,1.2164441294044566,0.8851471172323849
2015-07-20,1.1924261236367053,0.8746511192357382
2015-07-21,1.195162404096649,0.869091383284329
2015-07-22,1.1850518925441678,0.8599807319081207
2015-07-23,1.1806647823008367,0.8496247173379823
2015-07-24,1.1992825368649158,0.8584595833783778
2015-07-27,1.2147789604428207,0.8804108434101301
2015-07-28,1.2127981094355553,0.871236700760848
2015-07-29,1.2196974315555247,0.8786259619830554
2015-07-30,1.2107854662712594,0.8694219527463033
2015-07-31,1.200520600283153,0.8632774604038963
2015-08-04,1.1986000974493942,0.8615659013943113
2015-08-05,1.197587475712991,0.8618294958857139
2015-08-06,1.2124539280217435,0.8793384442118427
2015-08-07,1.2191925475759116,0.8749581043826
2015-08-10,1.2259979700832844,0.8812104323426376
2015-08-11,1.2160074643985666,0.8649929558200797
2015-08-12,1.217008631728983,0.8670574265585126
2015-08-13,1.2065873401085028,0.8629542802666028
2015-08-14,1.1936177793644027,0.857413383514631
2015-08-17,1.1674107545013113,0.8443425444334188
2015-08-18,1.169920679085671,0.8350639739911397
2015-08-19,1.1831374541867539,0.8180709938256602
2015-08-20,1.1701488026835472,0.7882695664129898
2015-08-21,1.1653379600809557,0.7854797194153411
2015-08-24,1.1788631388366384,0.7949098276742099
2015-08-25,1.2248264648517433,0.8223800132518614
2015-08-26,1.2330151848661508,0.834674804201292
2015-08-27,1.2401742189419953,0.8311306706978373
2015-08-28,1.2193899648384878,0.8091377117036459
2015-08-31,1.2288263036751128,0.8056406413753545
2015-09-01,1.2414713296020203,0.8160648900552979
2015-09-02,1.2254040300090339,0.8019130614241502
2015-09-03,1.230487920271858,0.8098629302515366
2015-09-04,1.2258905730205105,0.8111678133924674
2015-09-08,1.2245822631282888,0.8121125860073769
2015-09-09,1.2274330998886578,0.8057257798783063
2015-09-10,1.2197534057949895,0.7982323789570586
2015-09-11,1.2294922090263105,0.803185391350457
2015-09-14,1.2532971205792751,0.8280013062254237
2015-09-15,1.2553253694454256,0.8302752663265481
2015-09-16,1.256695687977528,0.8270632108626436
2015-09-17,1.2620247097228796,0.8231880406149532
2015-09-18,1.251835980894215,0.8035971886720042
2015-09-21,1.236445278234361,0.7943928968159348
2015-09-22,1.2324431430227665,0.7902301770070852
2015-09-23,1.2410834892864857,0.7973702094156826
2015-09-24,1.2152551389553268,0.7741793547071248
2015-09-25,1.2180463750842623,0.7764839004872616
2015-09-28,1.2364074797272324,0.7899577847423206
2015-09-29,1.2389731400111443,0.7928426872892189
2015-09-30,1.2596909306510182,0.8075331871099021
2015-10-01,1.3072840688764822,0.8330968548800852
2015-10-02,1.3233071742215132,0.8474275983987842
2015-10-05,1.3644268257808518,0.8660339218765661
2015-10-06,1.3673495508989542,0.8733840438888159
2015-10-07,1.3797371369374272,0.8833657655190885
2015-10-08,1.3689531687060246,0.8696422841405476
2015-10-09,1.3634835170631998,0.872310815207573
2015-10-13,1.3740650855850647,0.8769534892576206
2015-10-14,1.3749693636616935,0.8730375853998877
2015-10-15,1.3748609805323129,0.8632557272077279
2015-10-16,1.3873391266021362,0.8730590375571186
2015-10-19,1.3633051968453698,0.8561693699892512
2015-10-20,1.3601293601404763,0.8667403702103972
2015-10-21,1.3816728525586117,0.8693110300445763
2015-10-22,1.3587273325361384,0.858366388585734
2015-10-23,1.3413846313964501,0.8421825532087358
2015-10-26,1.371464437422556,0.8585414080588389
2015-10-27,1.3628666690720792,0.8477667694602368
2015-10-28,1.3537468850434085,0.8418102118611316
2015-10-29,1.3616692141432378,0.8474872923920764
2015-10-30,1.3668164736934916,0.8510129823951671
2015-11-02,1.3609513304994982,0.8436837200590664
2015-11-03,1.3527807813234118,0.8334132253094072
2015-11-04,1.345770315504065,0.8233346427024993
2015-11-05,1.333937138080082,0.8211020149550006
2015-11-06,1.3281540116909758,0.8165660833668466
2015-11-09,1.326196583405623,0.8107521035926073
2015-11-10,1.3241869573191383,0.79810542561725
2015-11-11,1.320353310076811,0.7941505288729841
2015-11-12,1.3480852693418097,0.8077484660664191
2015-11-13,1.3432130761633334,0.8056380288612576
2015-11-16,1.3502001414153746,0.8128591794048896
2015-11-17,1.3630132732363405,0.8201138336478487
2015-11-18,1.359931807174637,0.8109688721898776
2015-11-19,1.3483992064799237,0.8080862144659493
2015-11-20,1.3561679302383585,0.8130458053529044
2015-11-23,1.3635949632787447,0.8162155341548003
2015-11-24,1.368748378413691,0.820286127263742
2015-11-25,1.3533648795896498,0.8107407987964017
2015-11-26,1.3574641180113056,0.8198495743333347
2015-11-27,1.3613055707681259,0.8264865842057502
2015-11-30,1.346792564411541,0.8122840624392115
2015-12-01,1.3205509409156087,0.8019895678841433
2015-12-02,1.3071245503950957,0.8064134495665658
2015-12-03,1.2697676288936914,0.779195984178273
2015-12-04,1.2551963841157507,0.7652076483850839
2015-12-07,1.2564686686566857,0.7668424418206397
2015-12-08,1.2726416669378415,0.7723070046292965
2015-12-09,1.2419387571584097,0.7543304595508513
2015-12-10,1.2177614431062938,0.7386244109234953
2015-12-11,1.2287215532374687,0.7503189262834543
2015-12-14,1.2417144353060217,0.7634521317819892
2015-12-15,1.234974514266893,0.7472744663764426
2015-12-16,1.2466354181558514,0.7560353124720087
2015-12-17,1.245169386835168,0.7526533888355039
2015-12-18,1.2550380034466049,0.7573775479585242
2015-12-21,1.2719397507449883,0.7757922296675087
2015-12-22,1.2661110360268437,0.777976043168317
2015-12-23,1.264005234693688,0.7713786370734088
2015-12-24,1.2548637391366082,0.7623863571518377
2015-12-29,1.2418972141717026,0.757952269439351
2015-12-30,1.2271779305021535,0.7528184860335007
2015-12-31,1.220905150455062,0.7489030822093684
2016-01-04,1.2120799221437875,0.7344887246347649
2016-01-05,1.2065014178956115,0.7199222755412065
2016-01-06,1.2182643484159401,0.7174530884549077
2016-01-07,1.2059034361467391,0.7071043773108691
2016-01-08,1.1885897947712045,0.7009945642504184
2016-01-11,1.1762553113277043,0.6923789756727355
2016-01-12,1.2047193464399777,0.6974394263261412
2016-01-13,1.1736301098910147,0.6773536879235512
2016-01-14,1.1708791199892894,0.6717356771803159
2016-01-15,1.1984923003156704,0.6744937033847948
2016-01-18,1.1712012124540012,0.6656789010295382
2016-01-19,1.2248023907335468,0.6901556770434213
2016-01-20,1.307888807674799,0.7207218532287445
2016-01-21,1.2688418567809903,0.7004057201158967
2016-01-22,1.2966132176022995,0.7185924190851577
2016-01-25,1.2998785079120083,0.721037850430502
2016-01-26,1.3070621026850975,0.7332978844142556
2016-01-27,1.3399292971347654,0.7487622524871919
2016-01-28,1.32471015695873,0.745039144589178
2016-01-29,1.2868813175283702,0.7241495793381053
2016-02-01,1.3120804612924213,0.7452029951416974
2016-02-02,1.3574674196539673,0.7696903992560136
2016-02-03,1.3432506043260997,0.7673126538351233
2016-02-04,1.3061094445066206,0.7470287513342422
2016-02-05,1.313273208091474,0.7378708301961995
2016-02-08,1.3235973742204679,0.7282707639755202
2016-02-09,1.3305778368169703,0.7201961818499184
2016-02-10,1.3513617376147427,0.7423145985728726
2016-02-11,1.3762808541098808,0.7540858630586587
2016-02-12,1.4322637633616482,0.7923625879226878
2016-02-16,1.436294680285471,0.7956755334232345
2016-02-17,1.4289411829898517,0.7792816476239242
2016-02-18,1.4402207004109613,0.7965689009931349
2016-02-19,1.4449106973742165,0.7847710578509006
2016-02-22,1.4602894332207268,0.7894175169668168
2016-02-23,1.4863265739491345,0.7983890371789569
2016-02-24,1.4952832676929018,0.8073477830345095
2016-02-25,1.5061609449649076,0.8126822599643236
2016-02-26,1.5222165384940152,0.8219865802222402
2016-02-29,1.5432922727323128,0.8315742983675063
2016-03-01,1.540160229811406,0.8446359511708231
2016-03-02,1.5532224814028852,0.8536403596461798
2016-03-03,1.567435009846014,0.870180773723057
2016-03-04,1.5560538068399379,0.8530204213300971
2016-03-07,1.567644790031415,0.8627523103521182
2016-03-08,1.5679647252464888,0.8604595084839647
2016-03-09,1.585402013425037,0.8745054157706811
2016-03-10,1.6076794002104426,0.8724668384824826
2016-03-11,1.5932724161390157,0.8612071365750117
2016-03-14,1.599581451510925,0.8676964697649641
2016-03-15,1.6149106167955647,0.9042889723408517
2016-03-16,1.5261478206883126,0.8958288991545345
2016-03-17,1.6232996488782476,0.8954072488548372
2016-03-18,1.7574414664954512,0.8949682673670483
2016-03-21,1.7779675376882023,0.873782720479842
2016-03-22,1.7938414190993588,0.8705178857236704
2016-03-23,1.8058777286053902,0.8766544916435703
2016-03-24,1.808292748672784,0.8820717860240893
2016-03-28,1.8513745449931127,0.9016098670685735
2016-03-29,1.8535597929733159,0.9010878600851815
2016-03-30,1.835516708423426,0.8879839714191662
2016-03-31,1.808557479105999,0.8777696626449124
2016-04-01,1.8198118508963796,0.8703504560417341
2016-04-04,1.8341472960087464,0.87975700447232
2016-04-05,1.8269903753671948,0.875993815454517
2016-04-06,1.850672656878432,0.8934594882903771
2016-04-07,1.843765052242189,0.9005722575458752
2016-04-08,1.866700103815096,0.9189516494207409
2016-04-11,1.895803982031447,0.9304077852526161
2016-04-12,1.9033787206873445,0.926211035589499
2016-04-13,1.9118000580497028,0.9253716777630062
2016-04-14,1.9142382630717016,0.9345075288147078
2016-04-15,1.9371991270697944,0.9606955401159487
2016-04-18,1.9432433032778518,0.9626188695693465
2016-04-19,1.9394015314055704,0.9592973147836891
2016-04-20,1.9314406374805801,0.9650103699572865
2016-04-21,1.9304151019743987,0.9603830607288725
2016-04-22,1.9256527956593055,0.9683550516375112
2016-04-25,1.9336134309447948,0.9767447471359145
2016-04-26,1.92432018962504,0.9828920692698458
2016-04-27,1.9137241862897556,0.9876457188418387
2016-04-28,1.9085149497852423,0.9829693438175857
2016-04-29,1.8925848225830704,0.9592550119336086
2016-05-02,1.8743178305064139,0.9414977096912421
2016-05-03,1.896310142857262,0.9426561707379956
2016-05-04,1.902742170968017,0.942996031007778
2016-05-05,1.8973417155572287,0.9288199431246822
2016-05-06,1.910129192474465,0.9453464999598007
2016-05-09,1.9326155946386554,0.9536996076639738
2016-05-10,1.9231611556160473,0.9546311449207338
2016-05-11,1.9134240478248963,0.9432195809690334
2016-05-12,1.9353836079992053,0.9568615580885389
2016-05-13,1.9639435585641665,0.9605326203137814
2016-05-16,1.9654205841297134,0.9482463422467136
2016-05-17,1.944468556190125,0.9349909406141628
2016-05-18,1.9654833485358731,0.9435403913321279
2016-05-19,1.974841107448586,0.9439559344533098
2016-05-20,1.9894760289466864,0.9513773228297391
2016-05-24,2.0047735344332573,0.9581503683319887
2016-05-25,2.0076276435643847,0.9597823156317893
2016-05-26,2.0033199545045166,0.9570926811346139
2016-05-27,2.002303693130352,0.9591006993585303
2016-05-30,2.008893190588582,0.9594785965220661
2016-05-31,2.0124069680574714,0.9621972921579217
2016-06-01,2.0608244292321714,0.9830598863546297
2016-06-02,2.0674433348988135,0.9967759551177321
2016-06-03,2.0773082391016606,1.0026329961433254
2016-06-06,2.082099004134777,1.009204918675508
2016-06-07,2.0632813814498006,0.9998827323379763
2016-06-08,2.0456804903649997,0.9824590477360876
2016-06-09,2.0304256385930466,0.9793862594120621
2016-06-10,2.0259688308625567,0.9639126538256321
2016-06-13,2.033254595708243,0.9644028539792974
2016-06-14,2.0147138143346237,0.9508867189994801
2016-06-15,2.0472088773887145,0.963076028153266
2016-06-16,2.072030862014347,0.9772422441032135
2016-06-17,2.0527422215983058,0.9710609307215107
2016-06-20,2.0328138852951145,0.9693092529077867
2016-06-21,2.0580079829910574,0.9837889230169422
2016-06-22,2.0716850959227036,0.956525538274767
2016-06-23,2.0464985496626604,0.9237422296933889
2016-06-24,2.092952583327845,0.9379613027376378
2016-06-27,2.1301893816538424,0.9598298392075106
2016-06-28,2.126486179084836,0.9600289616106136
2016-06-29,2.1725898002596296,0.9868044951848849
2016-06-30,2.1455040096362707,0.9737755498144367
2016-07-04,2.154762258295734,0.9720783075920543
2016-07-05,2.185432532099519,0.974467288479559
2016-07-06,2.1834513739781634,0.9705371038023061
2016-07-07,2.201529958210187,0.9791335630941215
2016-07-08,2.236350773945667,0.9912141959813922
2016-07-11,2.2426681937890343,0.9939616111761226
2016-07-12,2.249125753225765,1.0016807908154963
2016-07-13,2.25230489160891,1.0000271755548829
2016-07-14,2.254483174958811,1.0001782523818814
2016-07-15,2.2496230322843607,0.9956747476728044
2016-07-18,2.257331266328566,0.9951852239774531
2016-07-19,2.257487036776384,0.998444346533901
2016-07-20,2.248185849321348,0.9909905964099436
2016-07-21,2.2363000975422542,0.981311612457046
2016-07-22,2.2413432740224386,0.9860027268281129
2016-07-25,2.2264889079769214,0.9858946075308287
2016-07-26,2.230382997159651,0.9870602615314698
2016-07-27,2.2679442858841257,0.9995629993937118
2016-07-28,2.2464842929269704,0.9915839163638805
2016-07-29,2.257825674076948,0.9966266456748335
2016-08-02,2.269694456118231,0.9995337221225334
2016-08-03,2.2649312726159723,0.9959324903907302
2016-08-04,2.285482226019631,1.0055143592669935
2016-08-05,2.2735879187620935,1.0133086624627345
2016-08-08,2.284069268608441,1.015754525238861
2016-08-09,2.287123504561831,1.0175404187810695
2016-08-10,2.301182180954736,1.0216396206542013
2016-08-11,2.3083133341150597,1.0285150934323202
2016-08-12,2.2910822766935435,1.0236337210867448
2016-08-15,2.2974214809551485,1.0254555729628827
2016-08-16,2.31309020080356,1.0343878056409719
2016-08-17,2.2953171619754764,1.0232940364574166
2016-08-18,2.29572885528568,1.0243545316416935
2016-08-19,2.309841193784944,1.030798209037531
2016-08-22,2.2857649677029492,1.0132940728078343
2016-08-23,2.282086253598204,1.0154392191256916
2016-08-24,2.2860831471450447,1.018447173726994
2016-08-25,2.2905378907045453,1.0131188684665131
2016-08-26,2.298848988347988,1.0101973319962891
2016-08-29,2.29965301688223,1.0030632780858073
2016-08-30,2.3003739743172713,1.007902772785124
2016-08-31,2.3230223597667203,1.0216146494438318
2016-09-01,2.329057139178292,1.0352970319878567
2016-09-02,2.315317110165695,1.0290265307132456
2016-09-06,2.288199839511264,1.0290312166029527
2016-09-07,2.267027357272593,1.0010126275830387
2016-09-08,2.289930193175893,0.999459212153895
2016-09-09,2.254569150872033,0.9768375258395636
2016-09-12,2.267920183381993,0.9780216140843515
2016-09-13,2.2943539195575675,0.9926019832830856
2016-09-14,2.285502306598927,0.9843221908727248
2016-09-15,2.3042845450283584,0.9889937953198116
2016-09-16,2.3008499035450303,0.9853936043556663
2016-09-19,2.311417275279563,0.9995922546403433
2016-09-20,2.3503137532101523,1.0176082282245922
2016-09-21,2.3277640825592463,1.004339711925431
2016-09-22,2.337750645803722,0.9979677643784667
2016-09-23,2.3202986441720728,0.9870314292482668
2016-09-26,2.3364006185470467,0.9990080732801422
2016-09-27,2.3578226048476925,1.0121117822663108
2016-09-28,2.351209288263777,1.0076854858502124
2016-09-29,2.339023091522304,1.0042571947688896
2016-09-30,2.3153950826366576,0.9866968309300806
2016-10-03,2.307994072066589,0.9934838754954953
2016-10-04,2.308880303860483,0.9897608864600901
2016-10-05,2.3099810110951875,0.9865554807971788
2016-10-06,2.3164557062226288,0.9894465261455275
2016-10-07,2.3178120853320725,0.9902509686474276
2016-10-11,2.3350412221806067,0.9937906563720775
2016-10-12,2.3495466128991134,0.9970468478593674
2016-10-13,2.3381538416807772,0.9974598313005008
2016-10-14,2.342912760911228,1.0093054607228837
2016-10-17,2.3670906873230133,1.0236121326109953
2016-10-18,2.3433384570901157,1.0105086653017625
2016-10-19,2.342371262062995,1.0053224642635945
2016-10-20,2.3299167627156714,1.0017464831596108
2016-10-21,2.3283988427882387,1.001001722051037
2016-10-24,2.328706855171908,1.0023375284757687
2016-10-25,2.32032358453048,1.000851465800789
2016-10-26,2.312911318593503,0.998030708994218
2016-10-27,2.304513967592915,0.9927718606707581
2016-10-28,2.3033817231658587,0.9995338980394348
2016-10-31,2.2805764815644203,0.9857956979154723
2016-11-01,2.285923270783423,0.9883327976191385
2016-11-02,2.280468974156673,0.9830935565865213
2016-11-03,2.2957501119189514,0.9903246350774486
2016-11-04,2.2987962954354932,0.9913962703068147
2016-11-07,2.279255311334371,0.9890667430840231
2016-11-08,2.297786100092577,0.9890055345383424
2016-11-09,2.308839906085507,0.9761753741971366
2016-11-10,2.2994116159374482,0.9734168694087398
2016-11-11,2.33077920795273,0.9931391335518267
2016-11-14,2.3536627959937144,0.9989894002769593
2016-11-15,2.3769902166799195,1.0061278161268137
2016-11-16,2.3621028128174903,1.0007226037445223
2016-11-17,2.3917863640648536,1.0188646432609418
2016-11-18,2.391133768487647,1.0234172411520772
2016-11-21,2.380086588045453,1.0126464040259633
2016-11-22,2.3885919895320984,1.0159338104279985
2016-11-23,2.373426695040094,1.0150937957843866
2016-11-24,2.382639953745059,1.0213820626994958
2016-11-25,2.38244362081665,1.018109300186715
2016-11-28,2.3867527281054146,1.0256798687340494
2016-11-29,2.3847067973905642,1.026760931116663
2016-11-30,2.4159921383385266,1.0344372410819318
2016-12-01,2.4174991191566466,1.04008772437253
2016-12-02,2.430851085364143,1.040688687210465
2016-12-05,2.458367574481941,1.0510813255358251
2016-12-06,2.475820947688561,1.0562215501146506
2016-12-07,2.4840760389216694,1.0580156273766343
2016-12-08,2.484666507108662,1.0600954008552508
2016-12-09,2.4967878369254186,1.0663247382824326
2016-12-12,2.4819078890619455,1.052650090947482
2016-12-13,2.4591484550242915,1.0306651256440356
2016-12-14,2.459446837355125,1.038394307400298
2016-12-15,2.4588720336545915,1.038502271356011
2016-12-16,2.460442459959388,1.0381849958786213
2016-12-19,2.455300455747155,1.0369271011467491
2016-12-20,2.4658555456411015,1.033820311794085
2016-12-21,2.4658049858697977,1.0312335905630448
2016-12-22,2.4613923018882446,1.0299671491017317
2016-12-23,2.4904951238490067,1.0433242863045789
2016-12-28,2.4967435347391502,1.0410301199244547
2016-12-29,2.49467734958785,1.048809804208204
2016-12-30,2.5323009571630943,1.0681060063166896
2017-01-03,2.5407758981739303,1.0776282028289235
2017-01-04,2.5354522897006957,1.0711342957325827
2017-01-05,2.528975785499295,1.064551793562756
2017-01-06,2.5432079335352715,1.0758494622522012
2017-01-09,2.5370707492313707,1.0768708057569047
2017-01-10,2.555649735797546,1.082641876033062
2017-01-11,2.567491588867407,1.0908630279498823
2017-01-12,2.550850655388778,1.0863587225984208
2017-01-13,2.56036459356661,1.0934251120701854
2017-01-16,2.536198615319187,1.0841504377983306
2017-01-17,2.5245756249350926,1.069098662709479
2017-01-18,2.5442120687150083,1.075936633224231
2017-01-19,2.5309143787770756,1.073616700762025
2017-01-20,2.5710623740706633,1.0967976150237488
2017-01-23,2.58804278961405,1.1055915060931159
2017-01-24,2.5832453900251404,1.1006212114742537
2017-01-25,2.5745309407590344,1.0943175953001651
2017-01-26,2.560848946597543,1.0862959371046725
2017-01-27,2.576541311256982,1.0936915605534414
2017-01-30,2.5559647665765595,1.088490822977648
2017-01-31,2.5715321771661186,1.0934574620522917
2017-02-01,2.586711201908025,1.097181429452905
2017-02-02,2.5634861282527583,1.087287398394476
2017-02-03,2.5709020230184323,1.0875248140084708
2017-02-06,2.586437247470752,1.0948799353556593
2017-02-07,2.593525757490544,1.100064228691865
2017-02-08,2.6288020772565193,1.1134757238655844
2017-02-09,2.6299058460475075,1.1136750283059882
2017-02-10,2.628132065703218,1.1156532512578285
2017-02-13,2.63523710547278,1.1183490531731455
2017-02-14,2.6433582158451663,1.1173503839253434
2017-02-15,2.6506254393873565,1.1137059958876412
2017-02-16,2.631383047393014,1.114484509920522
2017-02-17,2.6173032054373877,1.102403379775175
2017-02-21,2.598449745382161,1.1053887822251192
2017-02-22,2.583679187491329,1.0892639461648392
2017-02-23,2.5862342539053835,1.0870945263113188
2017-02-24,2.565788676791726,1.0687751727126935
2017-02-27,2.5673529971205262,1.0732929672372442
2017-02-28,2.567866842291421,1.0653033959320413
2017-03-01,2.5580764310487427,1.0640765576473687
2017-03-02,2.564042543582007,1.0625166172428555
2017-03-03,2.569658554291416,1.0596663078650281
2017-03-06,2.5589376911227664,1.0494334523916027
2017-03-07,2.5387110213955837,1.0417908357258108
2017-03-08,2.5590986983843065,1.051838611304971
2017-03-09,2.56183557214421,1.0552861581018056
2017-03-10,2.5381126530006024,1.0418591818461227
2017-03-13,2.560425377868322,1.0556387449373512
2017-03-14,2.579867397907217,1.0680866695460762
2017-03-15,2.5694968110991527,1.0585575450168025
2017-03-16,2.565578567103362,1.0582499776529788
2017-03-17,2.562287637013127,1.0532423501033388
2017-03-20,2.563944559390248,1.0551267880836324
2017-03-21,2.592093452012885,1.0628674815918635
2017-03-22,2.5813591533794664,1.0582739183148266
2017-03-23,2.5991649968848596,1.066084991897543
2017-03-24,2.607477283867678,1.0707586941784968
2017-03-27,2.6151242985122463,1.0767659938010428
2017-03-28,2.6177171674236366,1.0776838827567887
2017-03-29,2.606655059696906,1.069834121039964
2017-03-30,2.5971411705292047,1.0665535899835223
2017-03-31,2.613867222298224,1.0699560177284526
2017-04-03,2.6164277009264563,1.0658814950280238
2017-04-04,2.6144017952720318,1.0687564632768862
2017-04-05,2.6343742037532123,1.0732392836424964
2017-04-06,2.6443887013444245,1.0825715032945322
2017-04-07,2.653003624946314,1.0870378855992204
2017-04-10,2.651480208664518,1.0842039426624324
2017-04-11,2.637384970915914,1.0773780861649147
2017-04-12,2.6572894795232997,1.0863352197499763
2017-04-13,2.631670824856886,1.0731325422642501
2017-04-17,2.6184433555421616,1.0610012086801974
2017-04-18,2.622579475140606,1.0599399112695878
2017-04-19,2.6375685657745835,1.0601296658983357
2017-04-20,2.647271446350437,1.0672634326081418
2017-04-21,2.6495437877465386,1.063477716734678
2017-04-24,2.6573645780214163,1.0650240650350882
2017-04-25,2.6355794823661527,1.052753793449055
2017-04-26,2.627285246494772,1.053979549655531
2017-04-27,2.617955128690593,1.0539411518809731
2017-04-28,2.6182179522071847,1.0543306872749099
2017-05-01,2.6183181894593073,1.051669062996881
2017-05-02,2.5863154834459534,1.0388328541009715
2017-05-03,2.6319817526987332,1.0519087506969225
2017-05-04,2.639226241558812,1.0539982639782832
2017-05-05,2.627834997893449,1.0551987618424659
2017-05-08,2.6438089685050725,1.061795586889571
2017-05-09,2.622727318578969,1.0599631878637101
2017-05-10,2.601659098673857,1.0549372441129639
2017-05-11,2.622255627775038,1.0659499968624437
2017-05-12,2.628511043558435,1.0658087516426111
2017-05-15,2.59791282148845,1.0489131574742794
2017-05-16,2.6012245366329716,1.0489585483708985
2017-05-17,2.6385627611050655,1.0664192206936538
2017-05-18,2.645140494930582,1.0698794481382923
2017-05-19,2.6580616760698055,1.0713904808147074
2017-05-23,2.6597410877114007,1.0700253332426013
2017-05-24,2.654893450209594,1.0719884557317312
2017-05-25,2.6662098286550155,1.0748221630266577
2017-05-26,2.6622769278965457,1.0697933150723946
2017-05-29,2.6637128307741555,1.063776078742433
2017-05-30,2.6911112094636893,1.0763990004012858
2017-05-31,2.6763812020705298,1.0716040745961033
2017-06-01,2.6712997007315167,1.0696903353411162
2017-06-02,2.669832087150267,1.076275760907316
2017-06-05,2.6486615027375806,1.0659470927248815
2017-06-06,2.6797034700863342,1.0714611859291239
2017-06-07,2.695723355786875,1.0765209951410921
2017-06-08,2.686036331761631,1.0704940479399414
2017-06-09,2.7124789966211904,1.0874460978870975
2017-06-12,2.6992432018440327,1.074644352026461
2017-06-13,2.6690957038196133,1.0623316105187866
2017-06-14,2.68371262235106,1.0691140669418264
2017-06-15,2.706409276122609,1.080469755158472
2017-06-16,2.6812575896186055,1.0667950679208158
2017-06-19,2.671310810868843,1.0654806921233944
2017-06-20,2.6778805428505215,1.0763949137050466
2017-06-21,2.690777714352845,1.0849021487517079
2017-06-22,2.6888504032524985,1.0863644631595832
2017-06-23,2.7012528798718245,1.0869763332876912
2017-06-26,2.7409790066595807,1.1051866668935968
2017-06-27,2.7232252173988827,1.1028095195179988
2017-06-28,2.7235642794005144,1.1002293163180832
2017-06-29,2.7401301810791088,1.102760236848593
2017-06-30,2.7302519490494332,1.0971669417735768
2017-07-04,2.7271429953289883,1.098460956113952
2017-07-05,2.7363771301385826,1.097278177008212
2017-07-06,2.742232960265474,1.1074153242420361
2017-07-07,2.7472046248359927,1.108219234423668
2017-07-10,2.775570900293397,1.1151690715107478
2017-07-11,2.785445329642305,1.1212328779851795
2017-07-12,2.8134061776217822,1.1332625055903542
2017-07-13,2.816283848309143,1.1353696627373526
2017-07-14,2.8157011247575996,1.1343722973376191
2017-07-17,2.849935044446311,1.1485735819534233
2017-07-18,2.861472218162551,1.1540795849110528
2017-07-19,2.84388197413149,1.1479919061092065
2017-07-20,2.84389560732423,1.1462419604745027
2017-07-21,2.8446789684335316,1.1515512422887588
2017-07-24,2.8311817943766986,1.1470042444742026
2017-07-25,2.8398307679687704,1.1531359054685428
2017-07-26,2.83420566199309,1.1570950592958027
2017-07-27,2.82442486777348,1.1489087288988686
2017-07-28,2.8319478245639256,1.1527354533058431
2017-07-31,2.815918284344578,1.1512303371802153
2017-08-01,2.801057403861681,1.1457410407140884
2017-08-02,2.7884675175992,1.1423594676304045
2017-08-03,2.7871983003075624,1.1401686100979287
2017-08-04,2.7822943259150668,1.1362881675994154
2017-08-08,2.7606289672942057,1.1283412309946774
2017-08-09,2.7561665369088475,1.12789735980652
2017-08-10,2.7670553762168426,1.1325115521542564
2017-08-11,2.7363838729523176,1.1250890398934963
2017-08-14,2.7432782392376915,1.130153054047626
2017-08-15,2.744352217677793,1.1308803024098766
2017-08-16,2.7421525399789686,1.1291150997271202
2017-08-17,2.7326844407410316,1.1282348830534867
2017-08-18,2.7627282218345126,1.135775559752014
2017-08-21,2.7750726082305084,1.1391450251833013
2017-08-22,2.775972602179515,1.1432592053592587
2017-08-23,2.776505646263791,1.144514093101825
2017-08-24,2.795944422853353,1.1495476946123502
2017-08-25,2.821108579184272,1.1519742957079728
2017-08-28,2.8029666521633336,1.1468518768697316
2017-08-29,2.825704223204278,1.1583788092150713
2017-08-30,2.8699553348685454,1.1725359417530912
2017-08-31,2.8562945083759383,1.1660321781329765
2017-09-01,2.881689404690224,1.1744151983553355
2017-09-05,2.8883226682509084,1.1796759314022562
2017-09-06,2.882438036969941,1.1748876530553924
2017-09-07,2.8994124412968816,1.1809072055160628
2017-09-08,2.9042811115735,1.1892485252263385
2017-09-11,2.893825837456512,1.1812626324172821
2017-09-12,2.8971678193583594,1.1849088526686855
2017-09-13,2.9100144195395563,1.1869745490573382
2017-09-14,2.905705634507276,1.1883899954811825
2017-09-15,2.9173432683307485,1.1862158357821109
2017-09-18,2.924794459268921,1.1946062116799943
2017-09-19,2.913570348180433,1.1905013098077557
2017-09-20,2.97944712615436,1.1956216729572688
2017-09-21,2.960488972985894,1.1956440833307487
2017-09-22,2.9481720527500577,1.1884771078953906
2017-09-25,2.9469667924767746,1.197289923150731
2017-09-26,2.9326734815224498,1.1906289535638783
2017-09-27,2.942362586862601,1.1890150408315203
2017-09-28,2.9508477820019943,1.1953132104400956
2017-09-29,2.949168586654701,1.1945374400531938
2017-10-02,2.9593970700891683,1.1988574233876779
2017-10-03,2.949381249886432,1.1974442349961547
2017-10-04,2.927773335367729,1.1923594230261825
2017-10-05,2.941392392727674,1.1999571274125436
2017-10-06,2.9421507615098816,1.1991382358312785
2017-10-10,2.944071926661651,1.1985249421049595
2017-10-11,2.9405652363914174,1.2018236115347969
2017-10-12,2.9255221013133084,1.1936087556247872
2017-10-13,2.9122652836848437,1.1944917866235842
2017-10-16,2.9190309525982054,1.2023124935752167
2017-10-17,2.917834782541551,1.2050504146839547
2017-10-18,2.8857652221278647,1.195208840643554
2017-10-19,2.8881807169009384,1.1919196553222615
2017-10-20,2.897931238182016,1.1932060078376079
2017-10-23,2.8834058552071182,1.1796613739267334
2017-10-24,2.882837181477722,1.1749837676295702
2017-10-25,2.902412605371346,1.172893763792645
2017-10-26,2.9334607718177184,1.178554152821164
2017-10-27,2.936257741028162,1.1768378778493547
2017-10-30,2.9385519282022763,1.1793102969091527
2017-10-31,2.9544822188921973,1.1833308021308808
2017-11-01,2.968389377997506,1.1892399734376833
2017-11-02,2.984213619628022,1.1959788097809596
2017-11-03,3.00392339242147,1.2018899846203834
2017-11-06,2.9980014428268666,1.2072344562825144
2017-11-07,3.0007801773041898,1.2110185082659333
2017-11-08,2.9917325902822705,1.207062204487075
2017-11-09,2.991070541174234,1.2007314936069218
2017-11-10,2.9756667234810643,1.190410204662807
2017-11-13,2.974668188982723,1.186259471050462
2017-11-14,2.9931862214678313,1.1935449380462788
2017-11-15,2.9790765810448794,1.1928442456564348
2017-11-16,2.972993197969159,1.1935898848043698
2017-11-17,2.999822271722121,1.2046578969969473
2017-11-20,3.004162616034491,1.208359107881097
2017-11-21,2.995376397198792,1.2086153279863876
2017-11-22,3.0090277437663864,1.212902057418723
2017-11-23,2.988668616740809,1.2020057239716695
2017-11-24,2.999046755067413,1.1974407758607555
2017-11-27,2.9903446888751315,1.1910953551280996
2017-11-28,3.0062234440651068,1.2017544400801046
2017-11-29,3.0262808666734458,1.2113358061546247
2017-11-30,3.0232098419942233,1.212316422804537
2017-12-01,3.0316428285062185,1.2122205268352266
2017-12-04,3.0147819111380807,1.1997187834977256
2017-12-05,3.013053093044177,1.2020946030534922
2017-12-06,3.0252042597761237,1.208724070724719
2017-12-07,3.032585565414466,1.2099884360227229
2017-12-08,3.031757256035076,1.2097463606379486
2017-12-11,3.038537061864795,1.217077136675804
2017-12-12,3.0207676824688963,1.2082607652349386
2017-12-13,3.020364739509783,1.2113609336965512
2017-12-14,3.034078286057364,1.2201902079834044
2017-12-15,3.0096131010270972,1.2136145670477232
2017-12-18,3.0205390028202257,1.2204388092966238
2017-12-19,3.0460616731718355,1.2328392522728215
2017-12-20,3.046448687786904,1.2279160989176134
2017-12-21,3.087366963942559,1.240225008645346
2017-12-22,3.099738670006649,1.2480440159323856
2017-12-27,3.1108723291734064,1.2524451552923468
2017-12-28,3.126362702333664,1.2654308214907848
2017-12-29,3.1112401578257,1.263135771543799
2018-01-02,3.1122212358660746,1.2664926489949877
2018-01-03,3.118748679830182,1.2734531810094367
2018-01-04,3.0942607869566885,1.2658596492353316
2018-01-05,3.0881628661359106,1.2612602657566514
2018-01-08,3.085591037123492,1.2564368241346235
2018-01-09,3.0738048610847497,1.2536678395122551
2018-01-10,3.083453800702936,1.262007866319328
2018-01-11,3.101756713184215,1.27952560765592
2018-01-12,3.099190672269025,1.270014475621139
2018-01-15,3.095947685766764,1.2657859328295626
2018-01-16,3.0968427431879397,1.2581851031092097
2018-01-17,3.119871256096469,1.2656776285840061
2018-01-18,3.118076361375527,1.2645993889529095
2018-01-19,3.1271161974393977,1.2691698005638044
2018-01-22,3.1304958865535655,1.2726182571767282
2018-01-23,3.1354879542888576,1.2716122880374365
2018-01-24,3.1384703021455618,1.2734806267274896
2018-01-25,3.1071621234454283,1.2621899185541603
2018-01-26,3.0612004205659065,1.249457987565942
2018-01-29,3.072321698899156,1.2557195651175925
2018-01-30,3.06125492021225,1.2488485464941221
2018-01-31,2.999259648378194,1.2161626505009107
2018-02-01,2.9395264940670094,1.1899427074452764
2018-02-02,2.9407871141454893,1.1887306069062133
2018-02-05,2.953899256132038,1.1895798594168485
2018-02-06,2.89377601316054,1.1654845610930746
2018-02-07,2.8842790182461915,1.159090986536808
2018-02-08,2.942362018226287,1.1782148937333803
2018-02-09,2.9323970820461898,1.1765795421752854
2018-02-12,2.943719471772419,1.18737541802779
2018-02-13,2.9572536860998087,1.194826025156163
2018-02-14,2.964055595303372,1.1990396359350002
2018-02-15,2.9556110115011247,1.190931512855907
2018-02-16,2.9579763960284513,1.1883498115738025
2018-02-20,2.9609201129125924,1.1867403694974528
2018-02-21,2.9639032765202633,1.1988811591003865
2018-02-22,2.9589974297452435,1.2009523994255549
2018-02-23,2.9539182254090397,1.191075150323527
2018-02-26,2.938708146869502,1.171708119975513
2018-02-27,2.924724635036867,1.1628981153237499
2018-02-28,2.9124664740650736,1.1593076432940552
2018-03-01,2.93347279817317,1.1639933000574854
2018-03-02,2.945930931425364,1.1692999642606612
2018-03-05,2.9278845787249965,1.1572873449163006
2018-03-06,2.931367470247838,1.162671524873174
2018-03-07,2.951716687290334,1.173808913441691
2018-03-08,2.963235988176747,1.1762542031043375
2018-03-09,2.941632219252631,1.172151948133777
2018-03-12,2.9381224141055755,1.1736013666483496
2018-03-13,2.930036773540024,1.165509575581215
2018-03-14,2.9188101936447817,1.1648925923910745
2018-03-15,2.9046542653073035,1.1571106424018212
2018-03-16,2.899023878220611,1.1591002206842258
2018-03-19,2.928873044137661,1.1784581838989068
2018-03-20,2.9034355499313684,1.1615953427155679
2018-03-21,2.910122370157844,1.1592513534750213
2018-03-22,2.9117840530342085,1.1611839390724163
2018-03-23,2.918665088841284,1.1591637978371572
2018-03-26,2.9366579982489425,1.1573779888605533
2018-03-27,2.959458484247561,1.1727270976126363
2018-03-28,2.9312214512397423,1.1608065278069684
2018-03-29,2.923403219941226,1.1688857710961567
2018-04-02,2.938846948608861,1.1691117578255033
2018-04-03,2.973995133780878,1.1858479523048961
2018-04-04,2.9541901083534094,1.1765152530359704
2018-04-05,3.0040878850494224,1.1836757281184074
2018-04-06,3.0272682012972956,1.196551557363398
2018-04-09,3.0430062080439035,1.2050425835455492
2018-04-10,3.041549454344069,1.2029500162652051
2018-04-11,3.0422436994656343,1.2046837930519352
2018-04-12,3.0582293559881863,1.2118497956735799
2018-04-13,3.0576702738677652,1.2165217497031073
2018-04-16,3.0667600806291615,1.228780641450617
2018-04-17,3.0427363299280303,1.2199921370669922
2018-04-18,3.021479251825869,1.2089942195662098
2018-04-19,3.020882441094477,1.2048483623918542
2018-04-20,3.0124573373297894,1.1997845060548455
2018-04-23,3.0042846392586804,1.1973632812578128
2018-04-24,3.015391857701072,1.2015621124233444
2018-04-25,3.0289222311752377,1.2050651308296825
2018-04-26,3.0242921559789413,1.201283681964783
2018-04-27,3.0198077763693183,1.1961525752696816
2018-04-30,3.0302109574819154,1.2013145393696705
2018-05-01,3.0047412339556137,1.1945655844799044
2018-05-02,3.041523742888118,1.2068698693698496
2018-05-03,3.057662164976865,1.212830605898941
2018-05-04,3.035143347577432,1.2052475216208265
2018-05-07,3.0525034412047356,1.214483075239305
2018-05-08,3.058534919476711,1.2245314156063165
2018-05-09,3.090664617757106,1.2308131643545233
2018-05-10,3.1173994349193204,1.2424705285359812
2018-05-11,3.0933588926105524,1.2318289004452891
2018-05-14,3.106670712393798,1.2387519767375952
2018-05-15,3.116601253699099,1.2395779026224887
2018-05-16,3.1132168284913346,1.2351390285256962
2018-05-17,3.135910239235213,1.2407244680631708
2018-05-18,3.110579485805318,1.2292799546926754
2018-05-22,3.1049992826195094,1.2296058671330652
2018-05-23,3.1065938073181103,1.2205905981507332
2018-05-24,3.0972323618249202,1.2145885790855862
2018-05-25,3.102668217606529,1.2132947337942657
2018-05-28,3.159361800589675,1.2395615543689917
2018-05-29,3.1336635158433253,1.2275489511452524
2018-05-30,3.1443591764100436,1.2287206492987348
2018-05-31,3.1526535487373555,1.2321930236450371
2018-06-01,3.156190331468646,1.2339716528494142
2018-06-04,3.1698655841732837,1.247259121316601
2018-06-05,3.169203822959831,1.2440877978329297
2018-06-06,3.1777904612079912,1.2472936216590764
2018-06-07,3.182831247982288,1.252076995795172
2018-06-08,3.189996905890017,1.252507102768199
2018-06-11,3.1857278326365828,1.251155090765742
2018-06-12,3.1827803945440407,1.2491384799665972
2018-06-13,3.165521437672087,1.2357710533959374
2018-06-14,3.1773678007538706,1.2373365755643122
2018-06-15,3.161495683235724,1.2270622623027456
2018-06-18,3.170917417782486,1.232433356733372
2018-06-19,3.156491642574066,1.2236292697929283
2018-06-20,3.161956345356417,1.227921458694109
2018-06-21,3.1343724114295393,1.2111346425840426
2018-06-22,3.1526798022609133,1.2181703639774921
2018-06-25,3.1488206297105323,1.2161734349691682
2018-06-26,3.130684300682386,1.2164187229151058
2018-06-27,3.180537827498925,1.2343170779811787
2018-06-28,3.2086565465590464,1.2348986036194103
2018-06-29,3.214298037687832,1.238288795844789
2018-07-03,3.2125865345214843,1.238065938266643
2018-07-04,3.2461940762308688,1.2479099790350894
2018-07-05,3.2737872802971126,1.2524469111445993
2018-07-06,3.2850083129868186,1.2574334770053042
2018-07-09,3.2717229869081086,1.2427317261279702
2018-07-10,3.280000599035425,1.2491103316717924
2018-07-11,3.2712393678190748,1.2502852608702497
2018-07-12,3.2666328132626874,1.2466546490559167
2018-07-13,3.269386309486342,1.2460991164564665
2018-07-16,3.252134768545986,1.2383737627428886
2018-07-17,3.2359006304385334,1.2337144968781173
2018-07-18,3.2437722488799206,1.237181503672388
2018-07-19,3.2516798459959264,1.2319225441998563
2018-07-20,3.261894599804861,1.233160468359179
2018-07-23,3.2803359979578794,1.2405982050093096
2018-07-24,3.304964432580937,1.2490907865871008
2018-07-25,3.273481527486176,1.2448254164958659
2018-07-26,3.276777167660176,1.247102483792228
2018-07-27,3.296102676273704,1.253492989398199
2018-07-30,3.2796349242673872,1.2473436901344837
2018-07-31,3.2925186842591057,1.2489712902497927
2018-08-01,3.3212676288983927,1.2574958491015786
2018-08-02,3.2622137825501976,1.2394388831339571
2018-08-03,3.2416324765229776,1.2315153870870947
2018-08-07,3.2751556044498034,1.2404372629437006
2018-08-08,3.225693073677291,1.2239871653015875
2018-08-09,3.2600588304637723,1.2170313726078759
2018-08-10,3.2905725313903917,1.2278736185229553
2018-08-13,3.2604683688134304,1.205025299351109
2018-08-14,3.2762028164263444,1.2136444852280288
2018-08-15,3.2976047198420977,1.2242279870182642
2018-08-16,3.294608854429786,1.2238862904233696
2018-08-17,3.282796020929016,1.2205810395962868
2018-08-20,3.2975795896155042,1.2287746444541479
2018-08-21,3.290589006753682,1.2224352206370577
2018-08-22,3.2824669703637457,1.224867944659071
2018-08-23,3.2952361085138704,1.2353982224457523
2018-08-24,3.284330609091109,1.235005271865019
2018-08-27,3.245867852520163,1.230101006291708
2018-08-28,3.253700951590045,1.227381963616962
2018-08-29,3.2162127691762254,1.2099044464959783
2018-08-30,3.1853814715342756,1.1863479321128327
2018-08-31,3.184162133923572,1.1841330703752908
2018-09-04,3.176959168385696,1.1794146472469265
2018-09-05,3.1906885946339245,1.1848899736246379
2018-09-06,3.179563560503849,1.180054577428614
2018-09-07,3.201809256442412,1.185812353764865
2018-09-10,3.250068352558483,1.201666844087792
2018-09-11,3.252382674949189,1.202096397910915
2018-09-12,3.2406988133528185,1.1998041319973825
2018-09-13,3.2475280188154514,1.2036302666404848
2018-09-14,3.2734099143033757,1.2129893834412246
2018-09-17,3.2650647888488393,1.2177203533072145
2018-09-18,3.2699556754445966,1.2242331857120168
2018-09-19,3.279875002882086,1.2269834005876061
2018-09-20,3.2772424764535475,1.2264411361390974
2018-09-21,3.2675115142733655,1.2231119455861792
2018-09-24,3.2716803246920594,1.2175813546616452
2018-09-25,3.257089586108981,1.217384112161578
2018-09-26,3.2623769219319123,1.2215805122765762
2018-09-27,3.2986397913159915,1.2349566343495253
2018-09-28,3.29485016376158,1.2342884283631603
2018-10-01,3.269906767062569,1.235080781297572
2018-10-02,3.2118911428055217,1.223128372014777
2018-10-03,3.1903694140361716,1.2147817366252682
2018-10-04,3.2116056111905165,1.2048103720663204
2018-10-05,3.211410515687235,1.1780141195374274
2018-10-09,3.2145221386929,1.1617275716434285
2018-10-10,3.2217282154361166,1.170405504154636
2018-10-11,3.2309563138515958,1.1750379778764193
2018-10-12,3.288787513148599,1.1913551678694754
2018-10-15,3.2795971874059897,1.1813892562545363
2018-10-16,3.2651872945557594,1.1712354751336806
2018-10-17,3.2666974074705464,1.1723091593518222
2018-10-18,3.267604429244368,1.1730075198032148
2018-10-19,3.233143097486571,1.1640776359741642
2018-10-22,3.194314101338434,1.1400794985737681
2018-10-23,3.2231548777347054,1.1364783247075163
2018-10-24,3.2380356856892685,1.130276099667092
2018-10-25,3.1950147223203227,1.1181450491904599
2018-10-26,3.195798362207308,1.1272033236092085
2018-10-29,3.2246616766547316,1.1352914078685408
2018-10-30,3.2562455771563603,1.1488688616619114
2018-10-31,3.2535452427322387,1.1470689893092705
2018-11-01,3.3113169249451766,1.158875156772108
2018-11-02,3.3097692448659197,1.1576438095014452
2018-11-05,3.350235084838162,1.1624272978303356
2018-11-06,3.3353680069770593,1.1582639080422854
2018-11-07,3.304580726506174,1.1467095826667442
2018-11-08,3.2818076592149192,1.1383115489180016
2018-11-09,3.283630487833174,1.1335642043371612
2018-11-12,3.3115005287216093,1.133959327282609
2018-11-13,3.295306350959538,1.1338413930353906
2018-11-14,3.275539598573585,1.138004541956283
2018-11-15,3.4105725813308725,1.139919986801129
2018-11-16,3.436482684184969,1.1225931994999372
2018-11-19,3.4748878568595463,1.13528288285766
2018-11-20,3.4907424805606055,1.1424763444366337
2018-11-21,3.457376228989344,1.1343244039406253
2018-11-22,3.457700404969128,1.1330153510674819
2018-11-23,3.417935167314212,1.1163336732450704
2018-11-26,3.4074348879564624,1.1260605993025614
2018-11-27,3.4541179367246677,1.133676919423162
2018-11-28,3.441812382677413,1.1333353619017323
2018-11-29,3.480780180166251,1.1501555186009382
2018-11-30,3.442239936593554,1.135627577861225
2018-12-03,3.436614307555899,1.1304752779801635
2018-12-04,3.400345658087438,1.1116710835571326
2018-12-05,3.4108302137227895,1.1154855324644903
2018-12-06,3.3544936330449278,1.0982630653368033
2018-12-07,3.338809621038215,1.0915244475730765
2018-12-10,3.371889351209564,1.1061469242780495
2018-12-11,3.3694026261129535,1.1014448711664448
2018-12-12,3.3361405229956578,1.0876035012753207
2018-12-13,3.2613061880917957,1.0696957738010644
2018-12-14,3.2379069186419693,1.0645672183256583
2018-12-17,3.2298625123227747,1.0540714494970915
2018-12-18,3.219202554726534,1.0442526992021992
2018-12-19,3.202156335779409,1.0286268588320844
2018-12-20,3.1549495582232443,1.0153209474959946
2018-12-21,3.203193073933861,1.0340519000918744
2018-12-24,3.2258789110108674,1.0410212956903242
2018-12-27,3.244354604336568,1.047991280448127
2018-12-28,3.2747154229506186,1.0581208898302707
2018-12-31,3.2996920709006607,1.058400595888206
2019-01-02,3.358261833362785,1.0804481518087246
2019-01-03,3.4091967722820633,1.0942378675964548
2019-01-04,3.4369899980132113,1.103136207088505
2019-01-07,3.4945770248733656,1.128248822052749
2019-01-08,3.4998730015417583,1.1281660923284709
2019-01-09,3.4986809180544394,1.1267880793469651
2019-01-10,3.494411013875713,1.1256149699661449
2019-01-11,3.5095803317245426,1.128501156943725
2019-01-14,3.52471642494359,1.1354645840495492
2019-01-15,3.5383994163629033,1.1416692349716047
2019-01-16,3.5602825392343456,1.1500823690294308
2019-01-17,3.54887620487161,1.1467399274429115
2019-01-18,3.5325321420410134,1.1350274060089036
2019-01-21,3.5276181477558777,1.131231590829498
2019-01-22,3.5375646020114115,1.1375594507943056
2019-01-23,3.566229149006139,1.1544982728892932
2019-01-24,3.568071092664983,1.146085180457608
2019-01-25,3.583711475262345,1.1546592863203362
2019-01-28,3.605387013790127,1.1632562122526136
2019-01-29,3.629308209689345,1.1705413428894027
2019-01-30,3.634887875974695,1.1718696567745068
2019-01-31,3.626391733450318,1.1730811370010221
2019-02-01,3.6482035126425285,1.1816748939513866
2019-02-04,3.6312815786897503,1.1788650592365209
2019-02-05,3.6181110029669723,1.1703306850424062
2019-02-06,3.6185466328602693,1.1619425213360501
2019-02-07,3.613329696639391,1.1556700313844772
2019-02-08,3.656942196401511,1.1667088898994962
2019-02-11,3.6623537618525273,1.1647216793399122
2019-02-12,3.682839046236896,1.1703815648859601
2019-02-13,3.689012900900691,1.1847769056808555
2019-02-14,3.7102716829013858,1.1961784060382088
2019-02-15,3.7323900933601415,1.208996074453147
2019-02-19,3.7241249558765785,1.2001486769312877
2019-02-20,3.73888278508916,1.2027771100849236
2019-02-21,3.73228068464503,1.2033580161760478
2019-02-22,3.7160630712158853,1.1967619675456194
2019-02-25,3.7270023714697835,1.2011448866866308
2019-02-26,3.7057791923635497,1.1956156774524953
2019-02-27,3.7038616813734273,1.1930265515451983
2019-02-28,3.6925304692782652,1.190763633648579
2019-03-01,3.685012733243295,1.1896080837305285
2019-03-04,3.681956633163704,1.1804595087694885
2019-03-05,3.693525640277446,1.1782888587807474
2019-03-06,3.690329041130689,1.1761997358035392
2019-03-07,3.7065496809502103,1.1842400505008248
2019-03-08,3.7081481751522993,1.1903718782050985
2019-03-11,3.7314983746977988,1.1953326353091618
2019-03-12,3.7230512117645387,1.1899740824324343
2019-03-13,3.7251994846962737,1.1913292787842895
2019-03-14,3.739475743264964,1.2005016402139246
2019-03-15,3.7481559042084154,1.2049152607839393
2019-03-18,3.728961698765441,1.2021926785032755
2019-03-19,3.740383908625609,1.204825933737484
2019-03-20,3.7235168352018366,1.192802924072977
2019-03-21,3.7156302513719712,1.1903951118271703
2019-03-22,3.742146530152606,1.2004912441395799
2019-03-25,3.744576087098997,1.1979754728290162
2019-03-26,3.7682981604055614,1.1999142239489549
2019-03-27,3.7896796897924943,1.2036112802523473
2019-03-28,3.827343899939624,1.2154916425546085
2019-03-29,3.8198286900969656,1.2144691224477484
2019-04-01,3.823932083201294,1.216798146567878
2019-04-02,3.807881420205214,1.2180939459235756
2019-04-03,3.8183533404258454,1.2220162681740578
2019-04-04,3.833481173322867,1.230462621927014
2019-04-05,3.8399600359359476,1.2267028951217283
2019-04-08,3.855136306634497,1.2310265018835762
2019-04-09,3.8529286898618302,1.2268952772851647
2019-04-10,3.8637089866401575,1.2329388615886991
2019-04-11,3.850674583117976,1.2300969076104669
2019-04-12,3.8434670089403578,1.2291557946761504
2019-04-15,3.8419020276955482,1.2311647116964815
2019-04-16,3.8292103451166937,1.2306591967878737
2019-04-17,3.827588335344996,1.2278994761708428
2019-04-18,3.822804029510568,1.2276888507838748
2019-04-22,3.8073775834062022,1.2171326180411823
2019-04-23,3.814446763164394,1.2110461871449087
2019-04-24,3.821999744219018,1.2151557645507944
2019-04-25,3.8094899473084776,1.2117967211985854
2019-04-26,3.8037329579622803,1.2114009054921617
2019-04-29,3.7936407192568353,1.2067780592913289
2019-04-30,3.7499003582554353,1.1906397657343777
2019-05-01,3.7587555527970657,1.198991878921904
2019-05-02,3.742774624433918,1.1946957896648758
2019-05-03,3.70588904187749,1.1846400271259405
2019-05-06,3.7031950195584673,1.1859893256508278
2019-05-07,3.674904842376438,1.1742908677504722
2019-05-08,3.6784735420232813,1.174894551339267
2019-05-09,3.6732328128962575,1.1786928689982763
2019-05-10,3.6817002647174135,1.1842306093220125
2019-05-13,3.6962871502256793,1.1860776936661082
2019-05-14,3.7249762336813377,1.1912319499832236
2019-05-15,3.705450901232947,1.1880798617435395
2019-05-16,3.7182530007276218,1.194450055530989
2019-05-17,3.6967451415979777,1.1834386995909159
2019-05-21,3.654803483109391,1.164382801602414
2019-05-22,3.6577914263634836,1.1677048395141485
2019-05-23,3.6790055052055486,1.1764306653450267
2019-05-24,3.6702489037829933,1.1687390769237616
2019-05-27,3.649874664405017,1.1564609500905039
2019-05-28,3.6489619694677202,1.1549917017684075
2019-05-29,3.63803805452764,1.153370923107389
2019-05-30,3.6666511662546846,1.163753847269237
2019-05-31,3.7113703659289587,1.1761794486806343
2019-06-03,3.7189287180940003,1.1800908448451743
2019-06-04,3.701039419831986,1.179459701167457
2019-06-05,3.7076678379071204,1.1841926397137506
2019-06-06,3.6937198444891757,1.1836076146402041
2019-06-07,3.6956950553372363,1.1872462599347116
2019-06-10,3.6852591864977082,1.1855329397635788
2019-06-11,3.6960702292302376,1.1877555686423977
2019-06-12,3.677812608750881,1.1848534700977744
2019-06-13,3.66709536275391,1.1890837501368103
2019-06-14,3.71591814218461,1.2023149435887583
2019-06-17,3.7231513616124143,1.2006821328158352
2019-06-18,3.7531635578397955,1.2220225437677499
2019-06-19,3.7282201105043025,1.2186929310300894
2019-06-20,3.7350484028817554,1.2189434532704044
2019-06-21,3.7301023624058853,1.216620358331979
2019-06-24,3.735018432389741,1.218054002910745
2019-06-25,3.7428428202808965,1.2159307405959974
2019-06-26,3.7639763519414093,1.2276919800990191
2019-06-27,3.768948211366945,1.2257896040310354
2019-06-28,3.8034025387144506,1.2365877967856034
2019-07-02,3.8160255819437428,1.2388806474550844
2019-07-03,3.8139829220096773,1.2327873025281433
2019-07-04,3.8231766293680995,1.2279639600945993
2019-07-05,3.8108642038664615,1.2252283259672383
2019-07-08,3.8194165275035816,1.229849090776769
2019-07-09,3.810512361338497,1.2275513688979216
2019-07-10,3.8025988084782374,1.2302254583627212
2019-07-11,3.8004850108476735,1.2263878044236642
2019-07-12,3.7965565880124306,1.226613501100612
2019-07-15,3.7821788550468507,1.2228645194868661
2019-07-16,3.797219130730842,1.219668757249334
2019-07-17,3.795115778450187,1.222337160741992
2019-07-18,3.781095833082201,1.219407050330712
2019-07-19,3.7912170703120474,1.2197114651019643
2019-07-22,3.8128586344149733,1.225009028966509
2019-07-23,3.782419518044619,1.209385292335489
2019-07-24,3.76876139033405,1.2044184600273595
2019-07-25,3.757658131897432,1.2057776142187535
2019-07-26,3.7518285872964423,1.2072913432945904
2019-07-29,3.7694334705585764,1.2057862902797898
2019-07-30,3.7220237989066627,1.1956907117485702
2019-07-31,3.7230200101548023,1.183837182971301
2019-08-01,3.6610712741753275,1.1688645645238545
2019-08-02,3.675227762865197,1.1691311659780996
2019-08-06,3.7634049821508775,1.1857205340263102
2019-08-07,3.7360995158937604,1.1822074557278015
2019-08-08,3.71527811839242,1.1755179595472993
2019-08-09,3.762964996307675,1.1842041345642114
2019-08-12,3.6939087187802135,1.1584795067016658
2019-08-13,3.6754413777823545,1.1534676772623278
2019-08-14,3.726288042722563,1.1651630122863081
2019-08-15,3.7915491577370295,1.1787975750256792
2019-08-16,3.7473575033972337,1.1689375224976553
2019-08-19,3.781879376403715,1.1816178799844546
2019-08-20,3.7656841716433953,1.1740813979712497
2019-08-21,3.7319991677459208,1.1569316273955699
2019-08-22,3.748144650284971,1.1638254468141218
2019-08-23,3.7547745328199826,1.1693361964835618
2019-08-26,3.7911633284523654,1.1754852436399261
2019-08-27,3.8398147900454904,1.1846279851304622
2019-08-28,3.8596459556897726,1.1908954892077614
2019-08-29,3.8530956072180436,1.186450760192695
2019-08-30,3.8765602166119963,1.1955834616979575
2019-09-03,3.899569174367792,1.2061244069652863
2019-09-04,3.922161336629297,1.2105065608477277
2019-09-05,3.9257393969551124,1.2137026097337469
2019-09-06,3.9385519748559554,1.225193914595016
2019-09-09,3.9269838667915455,1.2297369604654154
2019-09-10,3.932299464133323,1.229294191971009
2019-09-11,3.926725651026725,1.2329684221345878
2019-09-12,3.9378517136279774,1.2443496795983129
2019-09-13,3.9455746280965642,1.2501248443301076
2019-09-16,3.9390132770424064,1.2441188466083803
2019-09-17,3.9565693995875026,1.2456431600003022
2019-09-18,3.9538226684358335,1.2467594493534264
2019-09-19,3.953951151603435,1.24646858315895
2019-09-20,3.947098494019383,1.2397349199899335
2019-09-23,3.939280212891187,1.2350842776329491
2019-09-24,3.9270979904958074,1.2320429794595442
2019-09-25,3.917443541657051,1.230089172745273
2019-09-26,3.906652549572014,1.2235646665741002
2019-09-27,3.8691734551442125,1.2039441261876012
2019-09-30,3.8378813137044476,1.1880222324607628
2019-10-01,3.8259108157173105,1.1881193695958931
2019-10-02,3.8105073835160534,1.1910095902769906
2019-10-03,3.802196662987767,1.191088515356689
2019-10-04,3.7772860356679305,1.1787134501401721
2019-10-07,3.7981392087219503,1.183459534966525
2019-10-08,3.8187521666596345,1.1926462968917668
2019-10-09,3.86497880290632,1.2058064426042436
2019-10-10,3.860396679942008,1.2017068253646264
2019-10-11,3.8795935662012364,1.208544800157375
2019-10-15,3.878431177061442,1.2120941176398214
2019-10-16,3.848964450667749,1.207966334422464
2019-10-17,3.8585035124646536,1.2133202580275224
2019-10-18,3.8585035124646536,1.2185085620051388
