2013-06-26,0.9996784187553106,0.9960430477547925
2013-06-27,1.0130582898334732,1.0017539727798344
2013-06-28,1.0196429242654028,0.999421689642465
2013-07-01,1.0207825985125218,0.9984658828467071
2013-07-02,1.0213035337266456,1.0067924815404792
2013-07-03,1.027643309436745,1.012814715037988
2013-07-05,1.0394552242938369,1.0216942782228058
2013-07-08,1.039786402468786,1.0238157381302633
2013-07-09,1.0558482033090613,1.0401776093943436
2013-07-10,1.05708355689622,1.0468079717271137
2013-07-11,1.0586514446834174,1.0473191146238343
2013-07-12,1.0575815518090335,1.0446887489853356
2013-07-15,1.0585227364063767,1.0476452692956482
2013-07-16,1.0641582243166001,1.0531722404187887
2013-07-17,1.059783885865883,1.0573799020667758
2013-07-18,1.060454497353827,1.0607702944878257
2013-07-19,1.055650816838091,1.0570626389469138
2013-07-22,1.0674769387864471,1.0501431346595798
2013-07-23,1.0672546761971033,1.052862166994285
2013-07-24,1.0713696328354578,1.0553686096803288
2013-07-25,1.0732529445699563,1.0515787597916182
2013-07-26,1.0788137919526337,1.0515302661699404
2013-07-29,1.0782002234258952,1.0529420406002756
2013-07-30,1.08520259805112,1.0651238296824985
2013-07-31,1.0863813209981688,1.0654465152657653
2013-08-01,1.08733499850629,1.0627441935945343
2013-08-02,1.0868638821505836,1.0582334157095346
2013-08-05,1.0830481838259023,1.0548426651223715
2013-08-06,1.0828849222021024,1.0570449675805738
2013-08-07,1.0766008289994211,1.0550839612516034
2013-08-08,1.082170468149332,1.0525726855421438
2013-08-09,1.1000021902991368,1.0575070823733996
2013-08-12,1.1019174511253769,1.05238839519599
2013-08-13,1.090156378053026,1.0366866895587894
2013-08-14,1.0877020865360447,1.0339511328952815
2013-08-15,1.0879459791636523,1.026942395674994
2013-08-16,1.087910206847249,1.0332576382903835
2013-08-19,1.0827849228137665,1.026650308073167
2013-08-20,1.0877470397267788,1.036455429651258
2013-08-21,1.0912554229584386,1.0390314786468393
2013-08-22,1.0884588826350468,1.0353681596957927
2013-08-23,1.0730856587361335,1.018125680033875
2013-08-26,1.0769803775199693,1.0177478153012744
2013-08-27,1.0756209564280108,1.020546191367035
2013-08-28,1.0691649713307538,1.0176726766407211
2013-08-29,1.0690474608950964,1.0226835328417767
2013-08-30,1.080973464544725,1.0326297236875417
2013-09-03,1.0782245329502023,1.0340170755169236
2013-09-04,1.0810481669134124,1.0341086891646725
2013-09-05,1.0927754801375367,1.0460028025361243
2013-09-06,1.0918591490437028,1.0529354689849737
2013-09-09,1.0767722804174649,1.0581742806649421
2013-09-10,1.080981075712157,1.0561239695297844
2013-09-11,1.0784417588075113,1.0588639390897865
2013-09-12,1.0696143947447219,1.0671172168564225
2013-09-13,1.0783187071549665,1.0712694302555352
2013-09-16,1.0959973347493022,1.0864753498404
2013-09-17,1.0988235993664384,1.083874575778529
2013-09-18,1.0881836227014805,1.0759086292513471
2013-09-19,1.1070605161297,1.0707497916145403
2013-09-20,1.1003830877471947,1.0692364707993909
2013-09-23,1.085685860651691,1.0658095460181403
2013-09-24,1.0905248155419822,1.0684639775826916
2013-09-25,1.0855498942735289,1.063573814822493
2013-09-26,1.0771537467195356,1.058860071121641
2013-09-27,1.0887307276390876,1.067330122106756
2013-09-30,1.0875097221788794,1.0678539492358683
2013-10-01,1.0749399910342359,1.0570385266789233
2013-10-02,1.0816930999090753,1.0655840829037602
2013-10-03,1.0800972496046548,1.0573446681288992
2013-10-04,1.0705097077202381,1.0449344898862871
2013-10-07,1.07514519398869,1.0468895022320799
2013-10-08,1.0908374264011111,1.0705489407992979
2013-10-09,1.097661239404533,1.077431004968986
2013-10-10,1.1025858725645918,1.081538346851568
2013-10-11,1.0986599279032072,1.0717850046112412
2013-10-14,1.1140334114763069,1.0908866992657555
2013-10-15,1.1223882765878996,1.1022898506905365
2013-10-16,1.1239274329218458,1.1031875695871505
2013-10-17,1.1315900257929559,1.1018729446558575
2013-10-18,1.1362530166883442,1.1107277186807196
2013-10-21,1.1369999034215246,1.1039611098325544
2013-10-22,1.1434904554535172,1.105479145412671
2013-10-23,1.1453595757668447,1.1124919004395384
2013-10-24,1.1501776956257868,1.1164401084859141
2013-10-25,1.1412825807259592,1.123131603397853
2013-10-28,1.1395795957089458,1.1140330034286168
2013-10-29,1.1379943233625143,1.1125496485334883
2013-10-30,1.1346298582042744,1.1139531530725775
2013-10-31,1.14045265526944,1.1171858550417324
2013-11-01,1.1353824900872098,1.1134222058783434
2013-11-04,1.1441939562237413,1.1190964205967255
2013-11-05,1.1266224917324485,1.1025415741924514
2013-11-06,1.1375610735278303,1.1156994201003179
2013-11-07,1.1388939623295065,1.1174360120811766
2013-11-08,1.1383676131067078,1.1156166366828628
2013-11-11,1.1453007933033033,1.124249289417245
2013-11-12,1.1562379259899256,1.1332578780740925
2013-11-13,1.1586480641836134,1.1355671476135685
2013-11-14,1.1520859215812733,1.1294484542301455
2013-11-15,1.1509236304571555,1.1281430542605257
2013-11-18,1.144268188128481,1.1228812345211936
2013-11-19,1.1526439166227949,1.1343175427902352
2013-11-20,1.1544795027315757,1.1422636979124334
2013-11-21,1.1550567139465073,1.1433330763924958
2013-11-22,1.1557623484308899,1.1445811394262315
2013-11-25,1.1640209309551455,1.1459590327416764
2013-11-26,1.1691136960965614,1.14251883353098
2013-11-27,1.1634703881455304,1.1395277140898303
2013-11-29,1.1701718778565264,1.1375598818575385
2013-12-02,1.169393670353861,1.1354188266297929
2013-12-03,1.1709524313189341,1.1300326720784466
2013-12-04,1.1748331618443546,1.146268290317743
2013-12-05,1.1806694752538776,1.1486120688760757
2013-12-06,1.1806179839921802,1.1449231088335219
2013-12-09,1.167221636304992,1.128723752371221
2013-12-10,1.1645137081748762,1.125421728512301
2013-12-11,1.1581015210478358,1.1251104779910786
2013-12-12,1.1639859746697636,1.131137621780773
2013-12-13,1.1611152335940782,1.1290869901743819
2013-12-16,1.1717297104564257,1.1498106230854859
2013-12-17,1.1662826071088888,1.148266820976814
2013-12-18,1.1760724206172475,1.1574668930049816
2013-12-19,1.1923066863643348,1.1624075045241526
2013-12-20,1.1943264395005417,1.165580481098645
2013-12-23,1.1945487838805477,1.1693786512697106
2013-12-24,1.1928396537827464,1.1694925730772927
2013-12-26,1.1909323015006126,1.1703816623661782
2013-12-27,1.1978766774573113,1.1731448170984762
2013-12-30,1.1862698342964983,1.1627315987389486
2013-12-31,1.1794761219212992,1.1652959410135424
2014-01-02,1.1807867505127834,1.1630424945980216
2014-01-03,1.1838953041212812,1.1685779547297679
2014-01-06,1.1810302646579631,1.1686537066898675
2014-01-07,1.1790553471884841,1.173751722957188
2014-01-08,1.1794338309841537,1.178558054232111
2014-01-09,1.1721203658283494,1.1630357269925027
2014-01-10,1.1850720060759905,1.1748859682355883
2014-01-13,1.1941673790391565,1.1787820227197376
2014-01-14,1.1931921637078302,1.1758185725674775
2014-01-15,1.181180133371796,1.1700427797659756
2014-01-16,1.1900879322908056,1.1749612565591538
2014-01-17,1.1947101289890152,1.1787756457071525
2014-01-21,1.1894272533674362,1.1642358600724116
2014-01-22,1.1662177296644214,1.137008718153817
2014-01-23,1.168711440842673,1.132998789621049
2014-01-24,1.1447481955990046,1.1441493963102638
2014-01-27,1.1338219662431819,1.1338927417723967
2014-01-28,1.1457482824138232,1.1489593337300164
2014-01-29,1.1366149123037146,1.1379688453285506
2014-01-30,1.1210836674672227,1.1117475007231088
2014-01-31,1.129334226997708,1.116775826890804
2014-02-03,1.1331426151606008,1.114727251306518
2014-02-04,1.150502537718529,1.1302500715500767
2014-02-05,1.1619212610330163,1.1428501607657058
2014-02-06,1.1723622377671261,1.1478414927663736
2014-02-07,1.1869151782686518,1.1587047645327544
2014-02-10,1.1859799872541592,1.159560149247284
2014-02-11,1.197013630933538,1.168418623357163
2014-02-12,1.2048792385122147,1.1743551424304957
2014-02-13,1.207084646151507,1.1766278807832335
2014-02-14,1.1994535823825343,1.1665054063323415
2014-02-18,1.1997664114984266,1.1733860616163485
2014-02-19,1.1972658801049232,1.1764218433299654
2014-02-20,1.2013367247464264,1.1816806008863374
2014-02-21,1.1941230523769983,1.1799826304334013
2014-02-24,1.1865488956176373,1.1781671856620148
2014-02-25,1.1943474130216054,1.182348456673386
2014-02-26,1.197199160440605,1.1878221449632986
2014-02-27,1.1910200068676071,1.17836115560935
2014-02-28,1.2013829270746408,1.195467147032598
2014-03-03,1.199849635957531,1.1964415177358434
2014-03-04,1.1999640844178594,1.1996621850645839
2014-03-05,1.19785049959536,1.2007563073615297
2014-03-06,1.197104508645674,1.2003906856398465
2014-03-07,1.1993764296520688,1.1963105802664495
2014-03-10,1.2008702811433911,1.1974732017499687
2014-03-11,1.1941710191099968,1.1861580817783464
2014-03-12,1.1884306589290214,1.1840046201499457
2014-03-13,1.1978065723162783,1.1943789948340653
2014-03-14,1.2047277086327917,1.2033202627638564
2014-03-17,1.1982328296856266,1.1976968814712594
2014-03-18,1.1974299002577138,1.2044090412188646
2014-03-19,1.2006890235737813,1.1988256465162208
2014-03-20,1.1984472431193836,1.1918758294263943
2014-03-21,1.2067448780792462,1.1963142017578379
2014-03-24,1.2045020314248822,1.1945051586693338
2014-03-25,1.2109906047955914,1.1942552132674846
2014-03-26,1.2147676800091656,1.1990652790228045
2014-03-27,1.2220210458572665,1.2099204102406702
2014-03-28,1.2304335123315269,1.216016500745844
2014-03-31,1.2317928795373627,1.2192616430110466
2014-04-01,1.2285987229931565,1.2171912575910684
2014-04-02,1.217253412861446,1.201652007533327
2014-04-03,1.2006065376351935,1.1887106135141376
2014-04-04,1.2060924398988084,1.1937879989662645
2014-04-07,1.21968187851077,1.2069854532821414
2014-04-08,1.2020043071881514,1.1832466168635174
2014-04-09,1.195391882280403,1.1721319805275034
2014-04-10,1.202715707851866,1.181974604991836
2014-04-11,1.2075214989352396,1.1889471873610147
2014-04-14,1.2172527687194208,1.2000148545133225
2014-04-15,1.2223448227465596,1.2017729548360778
2014-04-16,1.2260870849592822,1.2047514084443667
2014-04-17,1.2256623939413658,1.207386415615491
2014-04-21,1.2216083258454928,1.2067310717075703
2014-04-22,1.253655394891322,1.2127040137970286
2014-04-23,1.2556888102370805,1.1992258929138762
2014-04-24,1.2736776334956925,1.19819388049382
2014-04-25,1.2709389015348647,1.1999747845420006
2014-04-28,1.272005752193139,1.2035360206394203
2014-04-29,1.2758748175911958,1.2042566149387708
2014-04-30,1.2748409103705838,1.205571163981345
2014-05-01,1.2838854947131917,1.2076961703568279
2014-05-02,1.2740464738214134,1.1976166734248879
2014-05-05,1.278579412394974,1.2075180822860099
2014-05-06,1.2808971314613449,1.2102393607746331
2014-05-07,1.2779999190486235,1.2120322055413002
2014-05-08,1.2846404985230608,1.2232950385582584
2014-05-09,1.2844585742135337,1.2233354088337707
2014-05-12,1.2861356897502658,1.2183145349400566
2014-05-13,1.2762103923550165,1.2070597225484287
2014-05-14,1.2857865839107716,1.2133444770043715
2014-05-15,1.2886824077774437,1.2152828388048658
2014-05-16,1.2867356982799052,1.2075842246411281
2014-05-19,1.2924363247262074,1.2150090294339255
2014-05-20,1.2967443740781937,1.2176184168914796
2014-05-21,1.302663619905451,1.223408371678171
2014-05-22,1.310739930191361,1.2303753313244743
2014-05-23,1.3097104501730992,1.229342243172506
2014-05-27,1.3197862136305782,1.2370009580786518
2014-05-28,1.320274603909344,1.2391105861867158
2014-05-29,1.3168843940953336,1.2396733911893052
2014-05-30,1.3220749652547703,1.2415573823703638
2014-06-02,1.3251956200584372,1.2436775340130946
2014-06-03,1.3346853286074227,1.2530631240336756
2014-06-04,1.333635337604062,1.257891911923509
2014-06-05,1.3391842523192925,1.2597571087723507
2014-06-06,1.3406082070436613,1.2584579063534709
2014-06-09,1.3344520261743966,1.2520479892593033
2014-06-10,1.324725893894572,1.2443424431985655
2014-06-11,1.3228631135471405,1.2455670944592774
2014-06-12,1.334371236051228,1.2470934226548924
2014-06-13,1.3326445806974176,1.2487885720752032
2014-06-16,1.3424851529837594,1.2586581990485806
2014-06-17,1.3453330390179215,1.2611462259531296
2014-06-18,1.3362382838172675,1.2633520842165058
2014-06-19,1.3363867318138662,1.2630744526885553
2014-06-20,1.3320585665829532,1.2570445193484523
2014-06-23,1.337683376174599,1.2609379181470357
2014-06-24,1.3406227096253758,1.2598837055510952
2014-06-25,1.3492283468580928,1.2644311684779996
2014-06-26,1.3551441865878417,1.2666307349910515
2014-06-27,1.3625023920237986,1.2761738644661904
2014-06-30,1.359826484107173,1.2756449740220073
2014-07-01,1.3629338367116786,1.2816200491996421
2014-07-02,1.3708258179123425,1.2777097144952163
2014-07-03,1.3670475774826505,1.2718465675716608
2014-07-07,1.3729544878627271,1.2763870793902559
2014-07-08,1.3730875289638187,1.2732242913058653
2014-07-09,1.37135775706748,1.2752601732074906
2014-07-10,1.377241126114399,1.2801840066820476
2014-07-11,1.371702679757274,1.2775542485354878
2014-07-14,1.369390396854712,1.2804010216087356
2014-07-15,1.3542175035986426,1.2648251326191684
2014-07-16,1.3672938543550996,1.2769376613712267
2014-07-17,1.3641620942623176,1.2742552960709599
2014-07-18,1.370701090750281,1.2787495828349207
2014-07-21,1.3811649488235869,1.2811322472548008
2014-07-22,1.3866701420058263,1.2814197618138994
2014-07-23,1.3818058274093843,1.2707720142042125
2014-07-24,1.390726268195203,1.2715060120332786
2014-07-25,1.3836480601543473,1.2659135185971924
2014-07-28,1.379862053539931,1.2648151473760172
2014-07-29,1.3562619795601876,1.243171480056171
2014-07-30,1.359533290147365,1.2414667879445884
2014-07-31,1.362430041747553,1.2481283896273736
2014-08-01,1.3497184866691245,1.2384448557345331
2014-08-04,1.3467459196368778,1.2428542454157057
2014-08-05,1.3452776483271434,1.2342932702157579
2014-08-06,1.3587674638408456,1.2493946281695856
2014-08-07,1.3682552944380382,1.2540942985853811
2014-08-08,1.3672493929355438,1.2540081042311952
2014-08-11,1.3762388899123086,1.2606342522497422
2014-08-12,1.384303177355878,1.270100270054511
2014-08-13,1.387215203019807,1.2699154332981246
2014-08-14,1.3970826790331117,1.279639615946396
2014-08-15,1.4083817399987462,1.2855084527206249
2014-08-18,1.409249915103007,1.2877563490811323
2014-08-19,1.412309695506806,1.29352188244042
2014-08-20,1.4107532188188323,1.2880656578989524
2014-08-21,1.416959857540751,1.2948487447006445
2014-08-22,1.4118357236373544,1.2950852180115626
2014-08-25,1.4191594100695897,1.2960460549406978
2014-08-26,1.4198968025662018,1.294196547151569
2014-08-27,1.4222678822778418,1.2995743894602059
2014-08-28,1.4240964306530268,1.2999175121827182
2014-08-29,1.4082924031636737,1.2990970318216397
2014-09-02,1.400063719023377,1.297278739514749
2014-09-03,1.4114061513292757,1.3032774315659523
2014-09-04,1.4037449226820902,1.2986589188312918
2014-09-05,1.3961504515682788,1.2894676400070912
2014-09-08,1.4095074807044699,1.290578275262409
2014-09-09,1.413770958313441,1.294028586725475
2014-09-10,1.4044106661700375,1.2837035285033918
2014-09-11,1.4063113353078485,1.2835786339384407
2014-09-12,1.4085293802763204,1.291324643655063
2014-09-15,1.4054864964663316,1.2917903886071056
2014-09-16,1.4057828595354411,1.2975373855967136
2014-09-17,1.3995410511081707,1.2951405095980633
2014-09-18,1.392162013965804,1.2873758218435745
2014-09-19,1.393472354209215,1.2776382697278366
2014-09-22,1.3934431298404408,1.2873618185390814
2014-09-23,1.3666879974862012,1.2673387906309914
2014-09-24,1.390055420266234,1.276875241305616
2014-09-25,1.3867956076584957,1.2756622826349675
2014-09-26,1.3886823648082602,1.2736071780253444
2014-09-29,1.3748399177454949,1.2590671486082783
2014-09-30,1.3770195720291685,1.2596896889515958
2014-10-01,1.387786588718247,1.2748482959737248
2014-10-02,1.3867604795678792,1.2741828741367405
2014-10-03,1.3713218043890931,1.256672915182586
2014-10-06,1.3957172289244923,1.2799477264913914
2014-10-07,1.376225021749065,1.2546925062429144
2014-10-08,1.3704277104206342,1.24458793035294
2014-10-09,1.3452237275288879,1.2251048931400736
2014-10-10,1.3360562738263906,1.2270779930632627
2014-10-13,1.317818985630825,1.2178261525372798
2014-10-14,1.3171488104162146,1.2174753191314427
2014-10-15,1.3349139566345902,1.2341944514723193
2014-10-16,1.3548439612565268,1.2467571988093598
2014-10-17,1.3826405235204573,1.272735474582793
2014-10-20,1.3780074712883197,1.2649202322612705
2014-10-21,1.3956018778332442,1.2778515623191766
2014-10-22,1.4031259734720578,1.28526293127585
2014-10-23,1.402293473310429,1.2847886594613613
2014-10-24,1.4208272186128137,1.2995521902083542
2014-10-27,1.4219397444580326,1.3004585997699505
2014-10-28,1.4230451258459684,1.3112260705455017
2014-10-29,1.4374162615915391,1.3260354239048433
2014-10-30,1.4430390025209945,1.3260891518543128
2014-10-31,1.4307321193357354,1.3243620051099851
2014-11-03,1.447801474351133,1.3325981145056622
2014-11-04,1.4489314288356332,1.3348254565708806
2014-11-05,1.4468301761157878,1.3343869070083807
2014-11-06,1.4489104609609476,1.3433203860321545
2014-11-07,1.453073536529861,1.3436672115149124
2014-11-10,1.4560763211927588,1.3425358689459217
2014-11-11,1.4616707111849654,1.342784245925661
2014-11-12,1.4646327020381746,1.339052421716641
2014-11-13,1.468127961307472,1.342518215599099
2014-11-14,1.4785863713215819,1.349979543881965
2014-11-17,1.473302641184701,1.3489271346676437
2014-11-18,1.477419012900961,1.3495628911137896
2014-11-19,1.482324772041291,1.3571511101949505
2014-11-20,1.4929144303683015,1.3630488806623149
2014-11-21,1.4890417215010272,1.360776187534767
2014-11-24,1.4952443761535508,1.366905470095682
2014-11-25,1.4906446861516216,1.367323133881611
2014-11-26,1.473530877809703,1.3606316595491783
2014-11-28,1.481387139982193,1.371404792172454
2014-12-01,1.491023937652293,1.3750965757865243
2014-12-02,1.4852378685106846,1.3694966270387743
2014-12-03,1.4815976305991645,1.3744886919991948
2014-12-04,1.463672149296872,1.3704771155139386
2014-12-05,1.471110833991068,1.3701135697229896
2014-12-08,1.4430039398668855,1.3483216178976503
2014-12-09,1.4468884550619694,1.3547355226728504
2014-12-10,1.4225621646375068,1.332914169230507
2014-12-11,1.4061620940296242,1.322484176864837
2014-12-12,1.3976794295910229,1.314376408725536
2014-12-15,1.4326999952590984,1.3427123424827905
2014-12-16,1.4667316846938003,1.372821946607575
2014-12-17,1.469455444180107,1.3800958539424024
2014-12-18,1.4809551773390093,1.3867684075098905
2014-12-19,1.484788306256311,1.388714611210405
2014-12-22,1.4840695299466873,1.389182034048961
2014-12-23,1.4957984504788138,1.3926536917462908
2014-12-24,1.500583883760001,1.3946037039899257
2014-12-26,1.4852423709066598,1.3889821845301267
2014-12-29,1.4651860118904443,1.3737581828039953
2014-12-30,1.463226576768032,1.3749842941940749
2014-12-31,1.427492267998317,1.34956149565862
2015-01-02,1.4190089424379042,1.3341523771259303
2015-01-05,1.4337592448253436,1.353313088165182
2015-01-06,1.4695726542835719,1.3757173050068667
2015-01-07,1.4588978606905658,1.3633115918367738
2015-01-08,1.4459119562055234,1.3546633292832353
2015-01-09,1.4447526520461618,1.3507827177286171
2015-01-12,1.4385867780523562,1.3426408164266326
2015-01-13,1.423503703365177,1.3304714826876074
2015-01-14,1.4312897251829368,1.3471782688435314
2015-01-15,1.4428339148485483,1.3467278581933448
2015-01-16,1.4502081726220215,1.355342468218086
2015-01-20,1.4691268078867628,1.3758983109149039
2015-01-21,1.4650981835009935,1.3639473202811165
2015-01-22,1.4681808897683752,1.3711836324742324
2015-01-23,1.44935002479172,1.3586416357399502
2015-01-26,1.4602236561440007,1.3406864837054018
2015-01-27,1.4855966703279424,1.355405351002047
2015-01-28,1.4641959842508763,1.3413649996188783
2015-01-29,1.4775250495903198,1.3595516278021764
2015-01-30,1.4880904450775911,1.3799940926983636
2015-02-02,1.500765426575618,1.3794258529815675
2015-02-03,1.5208600504647085,1.3965964321807014
2015-02-04,1.5024876990231195,1.3887874467423478
2015-02-05,1.5018120266389794,1.3837701998712124
2015-02-06,1.5214299167632916,1.3979354230103629
2015-02-09,1.522845223552439,1.3968333716907093
2015-02-10,1.533460548349291,1.4010982554370417
2015-02-11,1.5363085767597016,1.4038905038713503
2015-02-12,1.5350101892948302,1.4059985599804912
2015-02-13,1.5378473484156938,1.4090473309540164
2015-02-17,1.5253135149810584,1.4049112460521254
2015-02-18,1.534220178491261,1.4146446807430457
2015-02-19,1.5494128731677501,1.4150241484862192
2015-02-20,1.5500161343367798,1.4194780226350472
2015-02-23,1.5334435587896196,1.4184819860694102
2015-02-24,1.5289722593658859,1.4136281520779401
2015-02-25,1.519236873324505,1.408351821773063
2015-02-26,1.5252737541651207,1.4172791778124465
2015-02-27,1.524879513313382,1.4108514964259584
2015-03-02,1.5162295416775944,1.4051289780108644
2015-03-03,1.510871976819161,1.4112680240618112
2015-03-04,1.4948517225936429,1.390551689396936
2015-03-05,1.501965889824119,1.3970557318246986
2015-03-06,1.483773969681972,1.3762822337600162
2015-03-09,1.470635254682023,1.376009208682455
2015-03-10,1.4922124685814397,1.398576008860729
2015-03-11,1.48322645095951,1.3913835620750634
2015-03-12,1.4996753390917872,1.4096242406566535
2015-03-13,1.506371535617407,1.4054303554749958
2015-03-16,1.5280169439935,1.4241551699318522
2015-03-17,1.5124212614317574,1.4146087384625765
2015-03-18,1.518710090605729,1.4304823314503765
2015-03-19,1.5207531352189398,1.4266344237786788
2015-03-20,1.5111703983133993,1.4166774449526336
2015-03-23,1.489062590287888,1.395277523707506
2015-03-24,1.4896541379295727,1.3912479589378077
2015-03-25,1.4903104547518031,1.3972645409974527
2015-03-26,1.510499024149232,1.4159300686036147
2015-03-27,1.4945371851195084,1.4052499286342244
2015-03-30,1.4942142536224359,1.4015825372886677
2015-03-31,1.5020987886021615,1.4075379224908682
2015-04-01,1.5196559390716389,1.416647557641704
2015-04-02,1.515051739603664,1.410741535359007
2015-04-06,1.5132798617359038,1.4175044387331996
2015-04-07,1.5172149400827741,1.420191957078121
2015-04-08,1.5244854901101406,1.423491465325007
2015-04-09,1.5168214153606558,1.4186585304452997
2015-04-10,1.5210088582151065,1.4232204907427695
2015-04-13,1.5334332498122973,1.4318069536890814
2015-04-14,1.5263154944838841,1.430040531649469
2015-04-15,1.5145507734229735,1.414218609634332
2015-04-16,1.5352862078707366,1.4241251185396646
2015-04-17,1.526280252285555,1.424175856263371
2015-04-20,1.5357914260992185,1.4268663626899967
2015-04-21,1.5460622835282218,1.4288535801752191
2015-04-22,1.5504274354681948,1.4301279613232156
2015-04-23,1.553460083630623,1.419866344574749
2015-04-24,1.5495840017183493,1.422298583624412
2015-04-27,1.540557918642491,1.414758417369079
2015-04-28,1.5167712117320198,1.3998615756160724
2015-04-29,1.5389720264141937,1.414013392576549
2015-04-30,1.5408962201799055,1.4191075153590518
2015-05-01,1.5190821161020156,1.4036113715206249
2015-05-04,1.506697237133416,1.398185071022279
2015-05-05,1.510908765463542,1.4039350443958583
2015-05-06,1.5308084986135733,1.4191068013800079
2015-05-07,1.5168846453829041,1.4133345199031426
2015-05-08,1.5109361896027131,1.41033230898655
2015-05-11,1.5112632412081706,1.4108852955372684
2015-05-12,1.5342489308295557,1.4259526099625819
2015-05-13,1.5399238083701716,1.4281680225474251
2015-05-14,1.5416142897239813,1.4330824228075592
2015-05-15,1.5389754089444647,1.4331086263040864
2015-05-18,1.538503601243868,1.4368040962576503
2015-05-19,1.544035014471197,1.4377563540639955
2015-05-20,1.5464668904064078,1.4391676114453136
2015-05-21,1.5271978509349688,1.4239195726764804
2015-05-22,1.5386590461516545,1.4356631623752558
2015-05-26,1.5416809180912692,1.4344106976943758
2015-05-27,1.5313305749952055,1.424441092849911
2015-05-28,1.5304544773511513,1.427704770238729
2015-05-29,1.5217710522899817,1.4238974807734326
2015-06-01,1.5203796194221313,1.4257450383113133
2015-06-02,1.5092449633750609,1.4147804811343925
2015-06-03,1.504250663889329,1.4143256163521358
2015-06-04,1.4944306010818547,1.4063717806223743
2015-06-05,1.4912252099400942,1.404462701807145
2015-06-08,1.5111607143574237,1.4225773562007773
2015-06-09,1.5197504795448022,1.4278894406759126
2015-06-10,1.507944137713315,1.4193478270164979
2015-06-11,1.5017238534447586,1.4147878187970062
2015-06-12,1.5068946918561943,1.4214376588757902
2015-06-15,1.5117727147841493,1.4246947540185773
2015-06-16,1.5268215989261722,1.4390715451416018
2015-06-17,1.517857387310199,1.4334346531638837
2015-06-18,1.5293676996402685,1.4416207101030996
2015-06-19,1.5253095426022687,1.4424024523813122
2015-06-22,1.52592648507154,1.4329566008849528
2015-06-23,1.5223651740118906,1.4269145322606112
2015-06-24,1.522481930820872,1.4279175463231395
2015-06-25,1.4984749652070921,1.3987441368900795
2015-06-26,1.4984028765396409,1.4013940676824264
2015-06-29,1.5149749820099383,1.415575974169205
2015-06-30,1.514159251412433,1.4128054020786713
2015-07-01,1.5072178813438277,1.40564270412865
2015-07-02,1.5114596042204647,1.4144084844288292
2015-07-06,1.4822357860002437,1.3905123382408942
2015-07-07,1.4738992716055046,1.393688449495594
2015-07-08,1.4960804218586297,1.4080412177813348
2015-07-09,1.5117043827385221,1.421107294451693
2015-07-10,1.5146394193596373,1.4271416626818851
2015-07-13,1.517880883037097,1.425393914288515
2015-07-14,1.5288722259164598,1.4347939051635596
2015-07-15,1.5259404488331672,1.4308800099640677
2015-07-16,1.5327640033368717,1.429715750456329
2015-07-17,1.5245680594336828,1.4238630448023477
2015-07-20,1.5038802689512716,1.4240057854189294
2015-07-21,1.4987699783589499,1.41593378282135
2015-07-22,1.4890159644850516,1.3928942231206909
2015-07-23,1.484262701976317,1.388410534655138
2015-07-24,1.4990086405854979,1.4054028853441924
2015-07-27,1.5075783336351147,1.4154758522473454
2015-07-28,1.5124608677785056,1.416891951382515
2015-07-29,1.5053103329671826,1.415324563161691
2015-07-30,1.4879941473981821,1.4148067359865664
2015-07-31,1.4716680528429396,1.4086098214840632
2015-08-03,1.470398631847809,1.4169080546864747
2015-08-04,1.4675837908621214,1.4071330302924336
2015-08-05,1.4679450483012615,1.4045980481474458
2015-08-06,1.4988281412265236,1.4220871783477356
2015-08-07,1.4638546294628296,1.409701370963737
2015-08-10,1.4723502930408274,1.4113132079227806
2015-08-11,1.4758768067939494,1.4113468450314917
2015-08-12,1.4838500839311215,1.4164805225098434
2015-08-13,1.4895711345017637,1.4236310542795882
2015-08-14,1.4823908401686468,1.4198182566174096
2015-08-17,1.4680842221760506,1.4094777126764886
2015-08-18,1.4374537900957067,1.3787329963593151
2015-08-19,1.383179586251701,1.3421344284704038
2015-08-20,1.3374132079179315,1.2875416933231192
2015-08-21,1.3255690728338474,1.268252188198598
2015-08-24,1.3721059369145545,1.3106697112225545
2015-08-25,1.4122936855157862,1.3414490219821853
2015-08-26,1.4209938042054198,1.3441157277236466
2015-08-27,1.4121839887327094,1.3369622453203702
2015-08-28,1.362300598416912,1.2978726589184102
2015-08-31,1.3883752387355537,1.3174996583114136
2015-09-01,1.383064367953665,1.3207835009593645
2015-09-02,1.3616294871626973,1.2977053826382965
2015-09-03,1.391400336248596,1.3312444830912153
2015-09-04,1.370805733611519,1.3135852086331374
2015-09-08,1.3814269661239686,1.3179267099014553
2015-09-09,1.3900831931614523,1.3234620640387602
2015-09-10,1.3936773736021582,1.3210778375973313
2015-09-11,1.404895324531771,1.337001870506081
2015-09-14,1.414064279015985,1.3496964837059986
2015-09-15,1.4074675701930144,1.349941983560742
2015-09-16,1.3951523341213432,1.3319784569459283
2015-09-17,1.4053168539394927,1.3362177817413181
2015-09-18,1.3850106819179957,1.319313724393022
2015-09-21,1.3855066851378295,1.3172905479155874
2015-09-22,1.3851697046404619,1.3105863522228298
2015-09-23,1.3832316364844297,1.311861372251316
2015-09-24,1.3470990500109328,1.2764053794755985
2015-09-25,1.339178175602962,1.281198876134441
2015-09-28,1.3674759073231448,1.3056391776323657
2015-09-29,1.3615127200016586,1.305054308766504
2015-09-30,1.3794745789568217,1.3219885985641926
2015-10-01,1.3945877326378973,1.3458024666602404
2015-10-02,1.3925857698550543,1.3377227462905203
2015-10-05,1.39851905087666,1.3498133389416862
2015-10-06,1.4035669297576592,1.3613992376670148
2015-10-07,1.4140944242620508,1.3603277716548758
2015-10-08,1.4139632587601392,1.364159082294329
2015-10-09,1.4094711994134266,1.353268865850757
2015-10-12,1.4003095287676306,1.3474484221867358
2015-10-13,1.4230745768378343,1.369881340652885
2015-10-14,1.4241668117017026,1.376607563095214
2015-10-15,1.4258744748623742,1.3770473369649379
2015-10-16,1.4387249158289972,1.381694785162128
2015-10-19,1.4465303822446263,1.3772012601349857
2015-10-20,1.4671734800448568,1.3934428277663187
2015-10-21,1.476584863443659,1.4076595147669737
2015-10-22,1.4635463302077292,1.4028436425800441
2015-10-23,1.4599125216956998,1.4007160537320282
2015-10-26,1.4867560641818363,1.4211491686946969
2015-10-27,1.492654240853742,1.4163700903913883
2015-10-28,1.487893667751693,1.4106074392924972
2015-10-29,1.5068408408303013,1.4297113343919405
2015-10-30,1.5199283950972031,1.4286582919921533
2015-11-02,1.507443773853672,1.423896936298664
2015-11-03,1.502649108344914,1.4272087218522334
2015-11-04,1.4924763536557168,1.423956302215295
2015-11-05,1.4851743330680576,1.411441024629016
2015-11-06,1.4733154396847832,1.4156293961860704
2015-11-09,1.4707631606706209,1.412598855321945
2015-11-10,1.447081129855721,1.3863161094575502
2015-11-11,1.429683290624127,1.3776018864404005
2015-11-12,1.4527925900653798,1.397320787370933
2015-11-13,1.4458911234221643,1.3925221218679356
2015-11-16,1.4711796562292714,1.4163670644085804
2015-11-17,1.4740145090000705,1.4122155855684662
2015-11-18,1.4776126012083917,1.415018989583258
2015-11-19,1.4706347013532541,1.416770211772524
2015-11-20,1.4741806815577811,1.4185187710789362
2015-11-23,1.4711709847988215,1.420297289863728
2015-11-24,1.463562110898391,1.4217224906294208
2015-11-25,1.4611838586498618,1.4170806110873229
2015-11-27,1.46445820076688,1.4303613122767553
2015-11-30,1.4427381389558986,1.41265153093667
2015-12-01,1.4260028452784856,1.3917827795969981
2015-12-02,1.4550819376136819,1.4195662274836949
2015-12-03,1.4458940168913859,1.4085749175544973
2015-12-04,1.435926037530119,1.3998112522975321
2015-12-07,1.4246332509714479,1.3879415945366647
2015-12-08,1.427209905972347,1.3891589800717175
2015-12-09,1.4091864997389865,1.3646366925510671
2015-12-10,1.4071439901663598,1.365521532064176
2015-12-11,1.4210505647090899,1.3866369514223225
2015-12-14,1.4455215649635622,1.4070461382237789
2015-12-15,1.4262563900425904,1.385510421008322
2015-12-16,1.3950619478127997,1.3638598555487205
2015-12-17,1.4005306943402003,1.3723757684800486
2015-12-18,1.4085438002763968,1.3861612466801119
2015-12-21,1.4295224261019963,1.4051684686456027
2015-12-22,1.42583834097517,1.4038903046770066
2015-12-23,1.422156130947288,1.4030128629331786
2015-12-24,1.4394670760861157,1.4171668278860399
2015-12-28,1.4243905075564234,1.4067430976802011
2015-12-29,1.4122552275569065,1.3933793266052257
2015-12-30,1.3991007619221416,1.3692539871625273
2015-12-31,1.3894280702344821,1.3709751427653922
2016-01-04,1.3703383544612036,1.350565803791322
2016-01-05,1.3359154194205092,1.3208900116432152
2016-01-06,1.3306114643656626,1.3048923134223873
2016-01-07,1.3323764476769402,1.3027554322743369
2016-01-08,1.3379765116090747,1.3104897930202213
2016-01-11,1.3094336603620909,1.280530992103793
2016-01-12,1.3354457924899912,1.3007450926335944
2016-01-13,1.3072211716135484,1.2741472214862377
2016-01-14,1.3069278689272281,1.2734274961715313
2016-01-15,1.2875808340685022,1.256607525978321
2016-01-19,1.2981578365938689,1.2593276815996726
2016-01-20,1.3409764952600536,1.282102032452169
2016-01-21,1.3160528969195735,1.2586817054117436
2016-01-22,1.3349096093721986,1.277859117137391
2016-01-25,1.2998720593446877,1.2698103203571056
2016-01-26,1.3045164594125176,1.2743142662826357
2016-01-27,1.3365013826517655,1.3051817034965476
2016-01-28,1.341749525376449,1.3012541139478118
2016-01-29,1.3200205616493983,1.2713390485272176
2016-02-01,1.3452648764237767,1.279840014126777
2016-02-02,1.351381007620182,1.2851558624228296
2016-02-03,1.3260997157615189,1.2648663209666233
2016-02-04,1.3139340401128021,1.2410081240720314
2016-02-05,1.3117724645403817,1.2407202887760227
2016-02-08,1.3067245488620018,1.2411325377278386
2016-02-09,1.2905362519597403,1.2194866949802998
2016-02-10,1.3103659818976905,1.2502219815980167
2016-02-11,1.3354987277980672,1.2735249001305742
2016-02-12,1.358224310609274,1.2932917358364853
2016-02-16,1.349543316183443,1.2864268955821734
2016-02-17,1.3434566071444116,1.2853525136089106
2016-02-18,1.3635333854089215,1.3067638998121227
2016-02-19,1.3439432218010823,1.2928527345052345
2016-02-22,1.35866630792416,1.296901012725409
2016-02-23,1.3721273824482947,1.3137442610950405
2016-02-24,1.3606933807750772,1.3112797625295303
2016-02-25,1.3590475111152682,1.3017367679171505
2016-02-26,1.3908389228856068,1.3322697380321038
2016-02-29,1.3941727189238409,1.3409571559294478
2016-03-01,1.4022426917461204,1.3512792241749816
2016-03-02,1.4184933205498946,1.3579379762141353
2016-03-03,1.4222857166480547,1.3615284466421578
2016-03-04,1.4121967591410032,1.3455414802605588
2016-03-07,1.4198472018286026,1.3478709080826587
2016-03-08,1.4249222465033866,1.34835864720487
2016-03-09,1.4412185664456354,1.3767608819427994
2016-03-10,1.444394967055438,1.3731283141121204
2016-03-11,1.4506750372056316,1.367805701978067
2016-03-14,1.461334213397956,1.3765340206448582
2016-03-15,1.4705099064855054,1.3867438896224291
2016-03-16,1.469809405305756,1.393677777286185
2016-03-17,1.4683397215083445,1.3922422283419031
2016-03-18,1.4719224108426354,1.390515683805817
2016-03-21,1.4650520302745995,1.3800280364956017
2016-03-22,1.4641428420669402,1.37956063854614
2016-03-23,1.4634075904579031,1.3815908515036794
2016-03-24,1.4879673468896264,1.3963874135982897
2016-03-28,1.493137641398415,1.400181312237599
2016-03-29,1.4907709564329468,1.3987128581951012
2016-03-30,1.5007358909120299,1.4084741005954715
2016-03-31,1.5004030950677922,1.4030532704979362
2016-04-01,1.4811537526638034,1.3881864035012126
2016-04-04,1.4973652282403123,1.4026442388714582
2016-04-05,1.4787685530736967,1.3830381936979252
2016-04-06,1.4846429674205677,1.3868397025216872
2016-04-07,1.4831696304493276,1.3854863407563414
2016-04-08,1.501010136287307,1.401707201225978
2016-04-11,1.5145004721602633,1.4195268529928466
2016-04-12,1.5121089927957991,1.419324403471499
2016-04-13,1.5040122601767965,1.4210009830001178
2016-04-14,1.5043888750416314,1.4309111405139392
2016-04-15,1.5095950666803222,1.4403442745838133
2016-04-18,1.5067450976980683,1.4428733034643515
2016-04-19,1.4956589719458369,1.4332200229579168
2016-04-20,1.5026932447580883,1.442522601298167
2016-04-21,1.5042803976698003,1.4403426510660466
2016-04-22,1.5051915383943746,1.446046174453425
2016-04-25,1.4837801836052882,1.4507029199240102
2016-04-26,1.4642839574261142,1.4386870003083223
2016-04-27,1.457343434399925,1.4328126995930377
2016-04-28,1.4669238225804602,1.444146497358829
2016-04-29,1.464764369251507,1.4291810068770343
2016-05-02,1.465226330765112,1.4195830317879654
2016-05-03,1.4603112684543023,1.4130420405967423
2016-05-04,1.460255593588326,1.4169755976811929
2016-05-05,1.4603720505415319,1.4189076974917252
2016-05-06,1.4751378675648195,1.4358382546654835
2016-05-09,1.4635783927463497,1.423719171157896
2016-05-10,1.454753112082766,1.422925222968944
2016-05-11,1.4468715770985947,1.4110359334639604
2016-05-12,1.4698550135409054,1.421983382147816
2016-05-13,1.4566143957521842,1.4090974591994778
2016-05-16,1.45504137999208,1.4125617758281404
2016-05-17,1.446702011601117,1.406069002595917
2016-05-18,1.457824746870433,1.419897335733519
2016-05-19,1.4598052781434336,1.4167403461489472
2016-05-20,1.4769080290076395,1.4376673724501816
2016-05-23,1.4900959661893571,1.44910237973857
2016-05-24,1.4965660245771624,1.4507632327797222
2016-05-25,1.4998607881499906,1.4577105390251277
2016-05-26,1.4946051347505493,1.458232213155197
2016-05-27,1.4886821235025407,1.4599252332913366
2016-05-31,1.4865741839215822,1.4658467292525812
2016-06-01,1.4912803512490131,1.4623160055685487
2016-06-02,1.498904245063895,1.468281027915079
2016-06-03,1.5033796173534786,1.4653715573859512
2016-06-06,1.5082521532911537,1.470984417957314
2016-06-07,1.5135272401071913,1.468553586636762
2016-06-08,1.500590213201424,1.4520663606378363
2016-06-09,1.4879593007233456,1.437901002519633
2016-06-10,1.4897528302326508,1.4324913875610685
2016-06-13,1.486139398997585,1.4296173557810126
2016-06-14,1.4915380721314875,1.4335054059189565
2016-06-15,1.481931655778841,1.430098044622011
2016-06-16,1.4883507295130822,1.4409687855864564
2016-06-17,1.4953666648656923,1.4437014700380042
2016-06-20,1.4887712667570476,1.4426375254730495
2016-06-21,1.5048286388157743,1.4643885806001393
2016-06-22,1.46380621653104,1.4086382996858526
2016-06-23,1.440778687046884,1.3765791999426575
2016-06-24,1.46783781620399,1.4049857010156892
2016-06-27,1.4910027747075851,1.4358234480967706
2016-06-28,1.505830997227359,1.459264225452346
2016-06-29,1.508981191771291,1.459291099374826
2016-06-30,1.5009199477788404,1.4461686096069737
2016-07-01,1.509908845428744,1.4544944746084971
2016-07-05,1.5063000382799183,1.4566004828603643
2016-07-06,1.5259281646182736,1.4822001506561078
2016-07-07,1.5267089749061586,1.48555585817149
2016-07-08,1.5326630405880852,1.4957140974065888
2016-07-11,1.5318427041836598,1.4964411973093994
2016-07-12,1.5404080338347543,1.5030451155771827
2016-07-13,1.5431631900322853,1.5030227588776601
2016-07-14,1.5454269243388992,1.5053761442141953
2016-07-15,1.5417247184632827,1.5014307295393023
2016-07-18,1.5449876450384212,1.5093025968133644
2016-07-19,1.5409436833888825,1.50812577303415
2016-07-20,1.544550465266074,1.5161956009330675
2016-07-21,1.5310090691456797,1.509876789748063
2016-07-22,1.5315212041157522,1.51440020859914
2016-07-25,1.5573456787518771,1.5124473675138075
2016-07-26,1.5667138833929846,1.5190426595253832
2016-07-27,1.5697878209803449,1.5190622263933355
2016-07-28,1.5706232167774479,1.5140490822281198
2016-07-29,1.557569517623645,1.503348548274506
2016-08-01,1.5669236474572519,1.5118885609664166
2016-08-02,1.5735894960219408,1.5164661761756322
2016-08-03,1.5741560613725414,1.5246545077403046
2016-08-04,1.5793683947797486,1.5250753033721838
2016-08-05,1.5832519829971137,1.525925550845074
2016-08-08,1.581843775551301,1.520652634142686
2016-08-09,1.584885426613943,1.5255895376529482
2016-08-10,1.5843689077097083,1.5255270939858692
2016-08-11,1.590717991706264,1.5310138498296044
2016-08-12,1.5810116223722712,1.5244901371401136
2016-08-15,1.5851746518006782,1.5269934016726596
2016-08-16,1.5871209914231053,1.5287770854210405
2016-08-17,1.5860274487141708,1.5294574718264322
2016-08-18,1.582436849946363,1.529012982460217
2016-08-19,1.5827704505954177,1.5317437157794895
2016-08-22,1.5740816524345547,1.5234656644062983
2016-08-23,1.5706446638380236,1.5225996106395248
2016-08-24,1.5595960095316057,1.5179413489069609
2016-08-25,1.5663040194723408,1.5273173372113402
2016-08-26,1.556051286051063,1.5254749736525075
2016-08-29,1.5542633656248146,1.5233956646807532
2016-08-30,1.5533474869587474,1.5173424029895157
2016-08-31,1.5632070795032813,1.525887828838973
2016-09-01,1.564736598773752,1.526876516005819
2016-09-02,1.5733919518339514,1.528272486659171
2016-09-06,1.5647100649380463,1.5250921752361901
2016-09-07,1.5223386125040035,1.484604434864134
2016-09-08,1.5466915060911388,1.5067041305247304
2016-09-09,1.5407711800027142,1.4828585891662696
2016-09-12,1.555625310546754,1.4798691799008947
2016-09-13,1.5847129678787428,1.4954110212950382
2016-09-14,1.5852974391764902,1.4905055572710464
2016-09-15,1.5829270628162846,1.4935089093660794
2016-09-16,1.5841044134234,1.4936527327643918
2016-09-19,1.5967455472195011,1.5114294739562835
2016-09-20,1.61048238160647,1.5232633058133132
2016-09-21,1.5969672878783232,1.5119898068485869
2016-09-22,1.5925428883660635,1.5006713366179583
2016-09-23,1.5908225968723295,1.506933365797923
2016-09-26,1.6054603077962968,1.5180381623125228
2016-09-27,1.5831489121651854,1.5020671086678063
2016-09-28,1.5929621663353575,1.5187039874924722
2016-09-29,1.5835120477615117,1.5114502841353876
2016-09-30,1.574829747784155,1.50411872717693
2016-10-03,1.5789708895880699,1.5120398769386625
2016-10-04,1.5848705920911252,1.5125163250522335
2016-10-05,1.5809428405477561,1.5086325222543187
2016-10-06,1.5959939500520977,1.5092052067325137
2016-10-07,1.5811083790368445,1.4883346590504138
2016-10-10,1.5870042258311645,1.4913699834524814
2016-10-11,1.588957473475564,1.4858784916439427
2016-10-12,1.5902382592365534,1.4848644283757793
2016-10-13,1.5876464312073486,1.4791584302583465
2016-10-14,1.5951892380689572,1.4886835316969604
2016-10-17,1.5975872753259297,1.4943701685121173
2016-10-18,1.5986047925137576,1.4965205201098917
2016-10-19,1.599313226042338,1.493718679263536
2016-10-20,1.6044958350833647,1.500906512838953
2016-10-21,1.6104474808201454,1.4969029488090861
2016-10-24,1.5921776056762795,1.4938705094130407
2016-10-25,1.5832625037637407,1.4894977901025845
2016-10-26,1.5850976338117653,1.4832690879210544
2016-10-27,1.5852226355301973,1.4826159570987885
2016-10-28,1.5667400504054199,1.47136119826575
2016-10-31,1.5611566824026684,1.4658607899152216
2016-11-01,1.5631021152944546,1.4629904306058976
2016-11-02,1.5598405152800432,1.4614495509793253
2016-11-03,1.587432561962453,1.491042772116432
2016-11-04,1.597075437065619,1.4990545661237866
2016-11-07,1.5848894693533626,1.518615626855321
2016-11-08,1.5750764402990292,1.5221253783584319
2016-11-09,1.573430583288795,1.5166848547465466
2016-11-10,1.5578679822616315,1.528957866033262
2016-11-11,1.583777461672819,1.5451565884858178
2016-11-14,1.5988003600977134,1.5392602578190522
2016-11-15,1.6042916797492324,1.5478646927345385
2016-11-16,1.6035834364941168,1.545902212592122
2016-11-17,1.617116460035259,1.5582614685649612
2016-11-18,1.616370300923014,1.5619466820358114
2016-11-21,1.6162449640636638,1.5648675401714625
2016-11-22,1.626174523330268,1.5720837493253688
2016-11-23,1.6260754280278908,1.5648970021947317
2016-11-25,1.6165693491321351,1.5631891138441794
2016-11-28,1.6063819790637437,1.5586895953160504
2016-11-29,1.5979452287057103,1.5552658947837263
2016-11-30,1.6047862704227844,1.5554166274077381
2016-12-01,1.6036597786551097,1.563097939157784
2016-12-02,1.6087520705134915,1.572412060507049
2016-12-05,1.6256763669895378,1.5897161914954934
2016-12-06,1.6369031529523097,1.6001970812444162
2016-12-07,1.656803459314095,1.606415272516267
2016-12-08,1.6540584871598032,1.6044456107023595
2016-12-09,1.6649138358300928,1.6114269850259861
2016-12-12,1.6545709585338169,1.596868686606048
2016-12-13,1.6624275316990549,1.6054283604138762
2016-12-14,1.6634497829121242,1.6060895514893725
2016-12-15,1.6703534925865013,1.6094761788039176
2016-12-16,1.6729372095441575,1.615952903648281
2016-12-19,1.6713051304453872,1.6120328868828335
2016-12-20,1.6695918556224487,1.6095850990987277
2016-12-21,1.6705711762760582,1.6118953753024374
2016-12-22,1.6750623661045034,1.6176642139283142
2016-12-23,1.6641702843910209,1.6032225601013224
2016-12-27,1.6682122621934794,1.6027257352286777
2016-12-28,1.6625327585930991,1.597211510620588
2016-12-29,1.6726325776033324,1.613923727514521
2016-12-30,1.680788700171056,1.6275929198032648
2017-01-03,1.6841399442452707,1.6248706126112016
2017-01-04,1.699736612636926,1.629712232473708
2017-01-05,1.698618707979405,1.621338457778127
2017-01-06,1.7006844296589199,1.6259123334156658
2017-01-09,1.7151877991685391,1.6299459278593087
2017-01-10,1.7064920097544756,1.6243786476977586
2017-01-11,1.7068510307938387,1.6280502944243702
2017-01-12,1.7121265786175517,1.6236037145495437
2017-01-13,1.7166219197813708,1.628602725004049
2017-01-17,1.7070330436897618,1.6179852832952528
2017-01-18,1.708956690015011,1.6187881858972593
2017-01-19,1.7055897925561967,1.6151783089931324
2017-01-20,1.7099686085761574,1.6273027590464069
2017-01-23,1.725673452626113,1.6386824523361723
2017-01-24,1.7232977619269259,1.6294154527253
2017-01-25,1.728062187257428,1.6289338302259566
2017-01-26,1.72225850927791,1.6194562658189198
2017-01-27,1.731901297961317,1.6222289308629578
2017-01-30,1.7599323507012126,1.6209355904925602
2017-01-31,1.762395870528127,1.6275319705249909
2017-02-01,1.770882444080514,1.6425341018313113
2017-02-02,1.768171874303348,1.63555790262353
2017-02-03,1.7718077128667917,1.6378701790801669
2017-02-06,1.777947576654971,1.64182627620565
2017-02-07,1.7883670734940469,1.649829638417304
2017-02-08,1.7896613355739615,1.656855500641157
2017-02-09,1.7993521074199754,1.6665167867250865
2017-02-10,1.803571180023455,1.6740284826107064
2017-02-13,1.812434475214927,1.6873693255007665
2017-02-14,1.812845205073518,1.6856666944817773
2017-02-15,1.8179086892273426,1.6891559800913236
2017-02-16,1.8288050403649894,1.7017406767577314
2017-02-17,1.829548187248135,1.702220566787061
2017-02-21,1.8321766650764544,1.7028501428999636
2017-02-22,1.8353861822039572,1.704866255356506
2017-02-23,1.8367111354531294,1.711644368401973
2017-02-24,1.8447710716600911,1.7113943847220123
2017-02-27,1.86863116533848,1.7326879506508701
2017-02-28,1.8590472866681258,1.7195169038080333
2017-03-01,1.8656029881383902,1.720219775236536
2017-03-02,1.8589178245660454,1.7136794408353875
2017-03-03,1.857536495721335,1.708705463751641
2017-03-06,1.8481388200103814,1.7042264879272353
2017-03-07,1.8511390228933662,1.7061951268385525
2017-03-08,1.8573540822888273,1.710460754170798
2017-03-09,1.8582211992327855,1.711473818189877
2017-03-10,1.8523740289462998,1.7070849596257682
2017-03-13,1.8712052440914484,1.7225725511144685
2017-03-14,1.8604329305185754,1.7156534676114261
2017-03-15,1.8601387862731449,1.7127797791515122
2017-03-16,1.8617458902962187,1.7073361099578759
2017-03-17,1.853896989367571,1.688874828952597
2017-03-20,1.8673589380195297,1.6921640172642227
2017-03-21,1.862358148245645,1.6918125863764417
2017-03-22,1.8628054881014244,1.6889378215532698
2017-03-23,1.8573548870194438,1.6849663994215298
2017-03-24,1.8732273389935488,1.6975252350049848
2017-03-27,1.878797802300375,1.696996848555399
2017-03-28,1.8757050172918273,1.7041965149704592
2017-03-29,1.8736583737047752,1.7027676823814717
2017-03-30,1.8738245125306232,1.6984776684668144
2017-03-31,1.8814671877332758,1.700276478072231
2017-04-03,1.8794820500347316,1.6938466311154032
2017-04-04,1.8801082423342734,1.6990347111882835
2017-04-05,1.877296907918272,1.694909245381968
2017-04-06,1.8807194403807395,1.7008515276287757
2017-04-07,1.875028934632757,1.6984269187249896
2017-04-10,1.8790755936128958,1.692699919038236
2017-04-11,1.8677677246866713,1.6800862463512822
2017-04-12,1.8758132420009157,1.693751802847614
2017-04-13,1.8732914865571595,1.6870295982921646
2017-04-17,1.8652592780644037,1.6852046994588417
2017-04-18,1.8763413684397952,1.698072469057285
2017-04-19,1.8763987159111897,1.6919027082810345
2017-04-20,1.8896967060917869,1.7104884401705105
2017-04-21,1.899299225012946,1.7240226647358081
2017-04-24,1.904086490602708,1.72116905031094
2017-04-25,1.9067246487133254,1.7243115478908546
2017-04-26,1.9078043724458362,1.7194378499305403
2017-04-27,1.9130175341165334,1.7187446645348234
2017-04-28,1.9150515928947194,1.7136106882740414
2017-05-01,1.9022668510967347,1.7037223290653363
2017-05-02,1.8993793614211498,1.7079021481819305
2017-05-03,1.9135669381791804,1.7126752239104739
2017-05-04,1.9302310424589821,1.7129931625981416
2017-05-05,1.9298138266653027,1.7121707932410002
2017-05-08,1.9265047863386406,1.7150180957581174
2017-05-09,1.9286496812714382,1.712868292526668
2017-05-10,1.9374871778993832,1.7104360898445448
2017-05-11,1.9415503459442218,1.7218146304257378
2017-05-12,1.9406389969313766,1.7207165456839637
2017-05-15,1.9098390101773268,1.6986995277321493
2017-05-16,1.9238590934714237,1.706620410864947
2017-05-17,1.936295895071013,1.717596086124764
2017-05-18,1.9470450077196393,1.7257444797066122
2017-05-19,1.9510854693160933,1.732568209546588
2017-05-22,1.9527999414462054,1.7354901934655476
2017-05-23,1.9575481899827176,1.7406505764152447
2017-05-24,1.9577160830003382,1.7418195312221918
2017-05-25,1.9597214076906793,1.7388388678832016
2017-05-26,1.957702556653862,1.7393203602869318
2017-05-30,1.9742078644452516,1.7567478382365884
2017-05-31,1.9799697001580547,1.7615448535367095
2017-06-01,1.967146548555722,1.756116571257151
2017-06-02,1.9626458088286793,1.747302555350908
2017-06-05,1.9654428759430889,1.7520036094084923
2017-06-06,1.9563872034848742,1.7516386973532283
2017-06-07,1.9360408554323838,1.7576426585541318
2017-06-08,1.9191679896221199,1.7608134431861144
2017-06-09,1.9291065152017237,1.7692897076400578
2017-06-12,1.9234603850669463,1.7673736300380982
2017-06-13,1.921174306208887,1.767186727945921
2017-06-14,1.9140421991437957,1.7645097784542667
2017-06-15,1.9363131635098563,1.7760307462420002
2017-06-16,1.9192343810523524,1.763473148083895
2017-06-19,1.914955688427776,1.7571728750349755
2017-06-20,1.9156643503942021,1.7562849858143073
2017-06-21,1.9220699340961165,1.7570749746480872
2017-06-22,1.9241398850270535,1.7596753378061516
2017-06-23,1.9097425457100017,1.7483354490657006
2017-06-26,1.9181997966281101,1.760703661491866
2017-06-27,1.896045760099571,1.745602565356206
2017-06-28,1.9001353006942892,1.750811042757026
2017-06-29,1.9063813800442933,1.7588889874750782
2017-06-30,1.8967236663613731,1.7573008331692404
2017-07-03,1.8783350751538341,1.7408345512936316
2017-07-05,1.8869499157784133,1.7522272523340883
2017-07-06,1.8865782539577107,1.7500630726435313
2017-07-07,1.886551242775113,1.7450845501802537
2017-07-10,1.8971541974067805,1.7534584263448914
2017-07-11,1.9073266672916145,1.7572510251860127
2017-07-12,1.9222158371139537,1.7662253314956704
2017-07-13,1.9262997733285003,1.767695168402502
2017-07-14,1.927043701872583,1.7635303837832972
2017-07-17,1.9360109658212092,1.7722925845928634
2017-07-18,1.9425519390464179,1.7731870312053497
2017-07-19,1.9416526400997578,1.7793965650905943
2017-07-20,1.9463856651979747,1.7787805668665302
2017-07-21,1.9462254852391891,1.7881816666153376
2017-07-24,1.9500845621914618,1.7883742272025815
2017-07-25,1.9466152616315902,1.7854557079500863
2017-07-26,1.945881647028011,1.787715506944645
2017-07-27,1.9430702237537048,1.7914899089971021
2017-07-28,1.954832446074322,1.7965679553593141
2017-07-31,1.9744530732338101,1.7927704797911779
2017-08-01,1.9636962303597403,1.7840801698432394
2017-08-02,1.967392324270018,1.7860130933977714
2017-08-03,1.9756874559492883,1.7900801633591883
2017-08-04,1.9839403981574528,1.786888770182532
2017-08-07,1.979625730635259,1.7842279223104816
2017-08-08,1.9513023787022254,1.7617699579604695
2017-08-09,1.9580265206378211,1.7628498002167599
2017-08-10,1.9743336561683453,1.779233649827306
2017-08-11,1.9686401252934558,1.7725628818368835
2017-08-14,1.975890662172714,1.7781225748025324
2017-08-15,1.951401462815985,1.7512918375224942
2017-08-16,1.9513892946894678,1.7487665107529886
2017-08-17,1.9554403192640137,1.749213811724536
2017-08-18,1.9804258369098386,1.7662965988108272
2017-08-21,1.976854454435268,1.7610364618430236
2017-08-22,1.9723027554750217,1.7542235724139335
2017-08-23,1.9818600464718426,1.7605231959157892
2017-08-24,1.989384056631567,1.7586996174223493
2017-08-25,1.9941794360817022,1.7596145404897503
2017-08-28,1.9976103318495337,1.7697476476415948
2017-08-29,2.0007543762930355,1.7770135810343823
2017-08-30,2.0066273978106772,1.7835760872134072
2017-08-31,1.9960955983224007,1.7671337638644777
2017-09-01,1.997399036298023,1.7713719998036699
2017-09-05,1.9906362990300064,1.767638266018082
2017-09-06,1.9819968702921227,1.7704255021776962
2017-09-07,2.006989018971191,1.7895660761813377
2017-09-08,2.0007767634941453,1.7943461657752893
2017-09-11,2.0027085254549872,1.793374309378158
2017-09-12,1.997967728843795,1.7926728158713277
2017-09-13,2.006027893850923,1.796732376941792
2017-09-14,1.9973181742493253,1.7980032521888638
2017-09-15,1.9949935528376128,1.7970384270945605
2017-09-18,1.9841682895782937,1.7976543261425701
2017-09-19,1.9655299856986392,1.7907136765079967
2017-09-20,1.9587327128081329,1.7927374899957873
2017-09-21,1.961840918774711,1.7966589853297212
2017-09-22,1.9681053774914121,1.794651754113565
2017-09-25,1.9677783440101047,1.804066950949161
2017-09-26,1.9623366493255134,1.806264339848744
2017-09-27,1.9686925344516564,1.8132715037837184
2017-09-28,1.9704848924763445,1.8214832223023238
2017-09-29,1.9733072746993998,1.8228981016770491
2017-10-02,1.970858267712816,1.8268840912537043
2017-10-03,1.9797771505618549,1.834695330769679
2017-10-04,1.9757494839607626,1.8314900193566646
2017-10-05,1.966207144207475,1.8226207774573973
2017-10-06,1.9760054396946116,1.832271478424724
2017-10-09,1.979018421922819,1.834508974508878
2017-10-10,1.977371153649375,1.8316075813099963
2017-10-11,1.9822464310481869,1.837820855982494
2017-10-12,1.9990451439801795,1.8391960524389535
2017-10-13,2.003446981213464,1.839049284918893
2017-10-16,1.9965320235126938,1.8395682640005038
2017-10-17,1.9846023499545393,1.8411461848735549
2017-10-18,1.9896969153770423,1.8516336748950117
2017-10-19,1.989458866659617,1.8500966773430005
2017-10-20,1.990661943257354,1.8529919289511865
2017-10-23,1.9808724393351262,1.8433930746749438
2017-10-24,1.9928494658328821,1.8487594669733227
2017-10-25,2.009528174084748,1.8455804607082351
2017-10-26,2.0191689493595457,1.8430595839622774
2017-10-27,2.032699345426037,1.8450248091387862
2017-10-30,2.023950784305524,1.8445048876291679
2017-10-31,2.024694714406959,1.8483337650320295
2017-11-01,2.039355840911174,1.8461440416133883
2017-11-02,2.0527517267091957,1.8490221234261262
2017-11-03,2.057662780180653,1.847841567881242
2017-11-06,2.0651120045859432,1.850884057406586
2017-11-07,2.0666148232342936,1.8448316428940792
2017-11-08,2.058823520571887,1.8421877888011313
2017-11-09,2.0620206687599976,1.8476731994980207
2017-11-10,2.059538772296525,1.850601573176519
2017-11-13,2.042288389188828,1.8383117979477641
2017-11-14,2.0503671995881994,1.8492838089248458
2017-11-15,2.040168759751321,1.8454854062834725
2017-11-16,2.0405891421810294,1.8471612652785838
2017-11-17,2.0530894974240472,1.8495442732639769
2017-11-20,2.059911368391415,1.8472784323043026
2017-11-21,2.060027806396815,1.8472886108749418
2017-11-22,2.0642513079309723,1.8466259080521659
2017-11-24,2.071404613858255,1.8645467000366869
2017-11-27,2.0691430250203227,1.8812026901384944
2017-11-28,2.0886166084635813,1.8962580305954135
2017-11-29,2.080199914058326,1.8936180660694086
2017-11-30,2.087691396486598,1.9050504875734706
2017-12-01,2.0689797074505716,1.8930209144514754
2017-12-04,2.0615077297429876,1.8897622517857284
2017-12-05,2.061327465906208,1.8923625906858759
2017-12-06,2.068421580707294,1.9042172445237944
2017-12-07,2.0914762299612555,1.9109099711310888
2017-12-08,2.083154128493732,1.908927691563341
2017-12-11,2.088684694679716,1.905530852702276
2017-12-12,2.0937489750480105,1.8955925449332247
2017-12-13,2.1133647631774646,1.9198960700550691
2017-12-14,2.121857273242081,1.928860443121699
2017-12-15,2.1073710452277528,1.919060897113865
2017-12-18,2.099686177196973,1.9161616773476395
2017-12-19,2.1014843075719014,1.917665154254476
2017-12-20,2.1042513528009876,1.9164342600237703
2017-12-21,2.0901016854222476,1.9168963461864794
2017-12-22,2.086782316241808,1.91637215406685
2017-12-26,2.093419080757765,1.9211712106296486
2017-12-27,2.082140653020865,1.911817411983589
2017-12-28,2.120381880345077,1.9258359210092049
2017-12-29,2.127045187366704,1.933845908489158
2018-01-02,2.13216731550299,1.9416858786841233
2018-01-03,2.141709446922901,1.9489743227069203
2018-01-04,2.139346735764427,1.9502407592890607
2018-01-05,2.1337687793627,1.9557615309098242
2018-01-08,2.1248941474538716,1.947823157317159
2018-01-09,2.1415773997817253,1.9605895523243295
2018-01-10,2.15192567943455,1.9684215171228028
2018-01-11,2.1407800769105947,1.9636130697979455
2018-01-12,2.165274078238235,1.9842802023100898
2018-01-16,2.162610385210215,1.9753507698797859
2018-01-17,2.170342937812005,1.988857372544123
2018-01-18,2.172818875709308,2.0060101512667825
2018-01-19,2.1716207044692437,2.007244021384877
2018-01-22,2.166524935774833,2.0104357389312497
2018-01-23,2.1621442706415634,2.0132854029535125
2018-01-24,2.177600641512094,2.028654043996709
2018-01-25,2.1450188961337906,2.0092888565899996
2018-01-26,2.1283412412669076,1.9891699873356494
2018-01-29,2.134170157047009,1.99041847542326
2018-01-30,2.124491082894581,1.9785200223869708
2018-01-31,2.0689037166202593,1.9429413784203773
2018-02-01,2.003625781968459,1.8710921303608874
2018-02-02,2.0418899133689385,1.8944794223838488
2018-02-05,2.0181256980014632,1.8864119526127516
2018-02-06,1.9605899540855716,1.825873794068816
2018-02-07,1.9920195103791911,1.8538071352604992
2018-02-08,2.027584263563054,1.8749368276113954
2018-02-09,2.0340429125593817,1.880175922603159
2018-02-12,2.051313440442739,1.9029153721083178
2018-02-13,2.0932226327992702,1.930090399236259
2018-02-14,2.096923581073269,1.9360353849128116
2018-02-15,2.0853951548595546,1.9199290121063235
2018-02-16,2.0720322074818758,1.9081876782936007
2018-02-20,2.090335112289364,1.9097149231455532
2018-02-21,2.1323415534681995,1.9439761563423745
2018-02-22,2.1594142516330366,1.9623358868659042
2018-02-23,2.1293329489962787,1.9375141963112212
2018-02-26,2.1157451136916645,1.9154570866129703
2018-02-27,2.0914624581578907,1.8924512569970757
2018-02-28,2.0970028966870267,1.899694701602751
2018-03-01,2.117743465521234,1.9257466208733978
2018-03-02,2.119208737576941,1.9323423038649534
2018-03-05,2.1082946747698004,1.9275240519420744
2018-03-06,2.124154197820208,1.9311736037519236
2018-03-07,2.1530254873633345,1.9607540348050039
2018-03-08,2.162473539616858,1.9554061058703642
2018-03-09,2.1477395686852936,1.9450335973855881
2018-03-12,2.1294642299819984,1.9314067139953925
2018-03-13,2.1275957491304975,1.9258305042765984
2018-03-14,2.1280963881775246,1.9321628571944098
2018-03-15,2.099739817828855,1.9100877493442
2018-03-16,2.0976665745608787,1.9118004553427765
2018-03-19,2.084274999329521,1.9116152505146102
2018-03-20,2.0533440838612793,1.8667290583665572
2018-03-21,2.0190801764601645,1.8328593200869394
2018-03-22,2.0758176812786546,1.8775039182595017
2018-03-23,2.054058579904694,1.859031371303484
2018-03-26,2.037535722882066,1.8603309432941029
2018-03-27,2.0655750002218065,1.881841940278168
2018-03-28,2.0332629290863733,1.8407568842655233
2018-03-29,2.054612826577278,1.8642956933277466
2018-04-02,2.0798125422035927,1.8878881146845694
2018-04-03,2.0992947885252615,1.8993580040524134
2018-04-04,2.055351899944901,1.860722522942803
2018-04-05,2.068499087162592,1.8644967004484454
2018-04-06,2.098893844747555,1.8888768967313276
2018-04-09,2.0841132575419694,1.8783560756753392
2018-04-10,2.0891711111481928,1.8874618225093949
2018-04-11,2.091437795797444,1.8830776672110245
2018-04-12,2.106535522157292,1.8979714004022061
2018-04-13,2.1290837795994135,1.9098701033136585
2018-04-16,2.1286775371984885,1.9097806646905648
2018-04-17,2.1028709101311214,1.9018212569165038
2018-04-18,2.06510297211374,1.8843565264471174
2018-04-19,2.0574691567808414,1.8832419868804677
2018-04-20,2.033151361938025,1.8706342295357323
2018-04-23,2.0387328489723355,1.879355892459737
2018-04-24,2.0617616574887836,1.8914044672909731
2018-04-25,2.0660715207149014,1.8995085733271555
2018-04-26,2.069643627839494,1.8817944394631765
2018-04-27,2.0873197277540663,1.8835770976155528
2018-04-30,2.114848841223319,1.8694769258768638
2018-05-01,2.1075593782641455,1.8538097869980463
2018-05-02,2.1592529317497275,1.8767285559741103
2018-05-03,2.167714349646409,1.881007862616953
2018-05-04,2.1633311433499416,1.8748405635517889
2018-05-07,2.1664044805653315,1.8863362033045192
2018-05-08,2.198137288318684,1.9057115807762226
2018-05-09,2.199127429382803,1.9104795456632298
2018-05-10,2.199118848958752,1.911415251323323
2018-05-11,2.1806728543155622,1.8980523571156296
2018-05-14,2.1887562801790104,1.9057963097646509
2018-05-15,2.181556226149201,1.9078509195200986
2018-05-16,2.174867642616632,1.8970478290771404
2018-05-17,2.188350466550921,1.9050474707034915
2018-05-18,2.1842347552317136,1.9028651796823814
2018-05-21,2.199560852173693,1.9038144625225972
2018-05-22,2.19814312111844,1.9013465323219632
2018-05-23,2.1897743359205166,1.8992098347568966
2018-05-24,2.1718745574484974,1.8775350360953214
2018-05-25,2.186919256382344,1.9009129434896888
2018-05-29,2.1750313607115124,1.8846170352312435
2018-05-30,2.1880067001190304,1.8950319841230696
2018-05-31,2.2017355833093197,1.90120959745412
2018-06-01,2.2068938563449643,1.8999486140728175
2018-06-04,2.2120493232387495,1.9141656005457968
2018-06-05,2.214991309142597,1.9187647674169794
2018-06-06,2.2160679422413336,1.9300466341334437
2018-06-07,2.2181182922642635,1.936131792046545
2018-06-08,2.2336223465847547,1.9409308755951984
2018-06-11,2.2219700604085055,1.929390229660783
2018-06-12,2.240769412054959,1.933695995344782
2018-06-13,2.228140297708332,1.9377318191096926
2018-06-14,2.225328940300873,1.9266731055976605
2018-06-15,2.214042778552215,1.9244343943030895
2018-06-18,2.2130912730456616,1.9243714694056169
2018-06-19,2.2055623092135583,1.9153291041866307
2018-06-20,2.215237760275418,1.9270753494845225
2018-06-21,2.199280691492485,1.9177400583273594
2018-06-22,2.208965556232378,1.9158129668784307
2018-06-25,2.2058244082911345,1.898916614966306
2018-06-26,2.2198057832755054,1.9083527393820334
2018-06-27,2.222036766422069,1.9097633124894975
2018-06-28,2.2246696777162414,1.9097643485584108
2018-06-29,2.2093498306404618,1.9072793844201472
2018-07-02,2.2270335634189298,1.922549237248766
2018-07-03,2.245717898556035,1.9415432291563948
2018-07-05,2.2523454579283375,1.9573057665289366
2018-07-06,2.258444849596733,1.9618907440373965
2018-07-09,2.2491235254800244,1.9484434379345092
2018-07-10,2.269845664552603,1.9588265260907591
2018-07-11,2.2730625761187158,1.9596689502638986
2018-07-12,2.264498250127289,1.9576077306175659
2018-07-13,2.272099282857824,1.966249132035457
2018-07-16,2.2647221999182614,1.9681979847072097
2018-07-17,2.2837350218505232,1.9657285853683881
2018-07-18,2.2747221717407093,1.9642601322441937
2018-07-19,2.2733119206066132,1.966594834276232
2018-07-20,2.285961849765873,1.9687355159257884
2018-07-23,2.3025856095192254,1.9807020632486907
2018-07-24,2.29569229866331,1.9851406774160647
2018-07-25,2.2732771344395317,1.9809305190900943
2018-07-26,2.2685060462372326,1.979520365029569
2018-07-27,2.2853063252042802,1.9944595167195418
2018-07-30,2.3159869099747086,1.9874239964659208
2018-07-31,2.3386868171690507,1.9955851965849156
2018-08-01,2.3482636928320377,2.011636287334596
2018-08-02,2.362362669414205,2.01880202792672
2018-08-03,2.358804614052868,2.0249352232359565
2018-08-06,2.3503525480728853,2.022474644552969
2018-08-07,2.3587952070220513,2.0221061682898056
2018-08-08,2.346044227309077,2.002666995042366
2018-08-09,2.3432531239448644,1.9951473241999604
2018-08-10,2.3557375395412716,2.011959201269889
2018-08-13,2.355996518592574,2.0077495498190485
2018-08-14,2.377712014578072,2.0250804832618776
2018-08-15,2.397827963691125,2.0334472606334764
2018-08-16,2.393113173926922,2.0376112432105735
2018-08-17,2.386495991322192,2.0417236524628333
2018-08-20,2.3810796671782914,2.0345338819565604
2018-08-21,2.3795266431698425,2.027184707458721
2018-08-22,2.390952421836286,2.0363936704327275
2018-08-23,2.4018581099163763,2.0501721479230297
2018-08-24,2.406110487755141,2.0491384611266152
2018-08-27,2.4267600823050053,2.0576329341679003
2018-08-28,2.428510693062327,2.046557379853556
2018-08-29,2.4392991852765027,2.0469955296771745
2018-08-30,2.4446434097294762,2.0467897683981846
2018-08-31,2.449533471263755,2.0538592756056038
2018-09-04,2.434675634902879,2.045174000465935
2018-09-05,2.42464618177365,2.040431212594939
2018-09-06,2.415248125871161,2.0411017625140895
2018-09-07,2.43908930212211,2.04173911452921
2018-09-10,2.430934238562718,2.043780373484272
2018-09-11,2.4620186371058708,2.0553243634036575
2018-09-12,2.454706250286952,2.058388405209136
2018-09-13,2.428311978689259,2.052805108725594
2018-09-14,2.4334225107460394,2.0628604361420977
2018-09-17,2.4277154512355263,2.06654102470983
2018-09-18,2.4419988727026287,2.0826129874531034
2018-09-19,2.4352459502627273,2.085523852159689
2018-09-20,2.4491223702220113,2.0719755630736945
2018-09-21,2.4491246999002807,2.0641182327444128
2018-09-24,2.4364951880626746,2.0536872226754785
2018-09-25,2.457694599781237,2.053835198381666
2018-09-26,2.469545506797201,2.0572509670648227
2018-09-27,2.478120111251669,2.060354840615999
2018-09-28,2.4947638897500855,2.0669728776748038
2018-10-01,2.4880889963211867,2.061328786942527
2018-10-02,2.461623211846265,2.050925926843038
2018-10-03,2.4522792951314494,2.04490308785375
2018-10-04,2.4541953739622815,2.049617104040596
2018-10-05,2.470416233601369,2.0459113738110606
2018-10-08,2.3925268993427435,1.989911512074761
2018-10-09,2.349868482378039,1.9375661197805225
2018-10-10,2.39366448520247,1.9560175370367516
2018-10-11,2.381478459886438,1.952806216254691
2018-10-12,2.4215301269314464,1.9893604027120004
2018-10-15,2.416485886859761,1.9879270323571387
2018-10-16,2.386949088519353,1.967998988813762
2018-10-17,2.410478529411117,1.974304224320386
2018-10-18,2.3997367554915505,1.947121626113827
2018-10-19,2.394500684374173,1.9284039291770456
2018-10-22,2.337483673472713,1.8794117229560405
2018-10-23,2.3672156591965696,1.903938267449237
2018-10-24,2.333147179907909,1.8758088090505933
2018-10-25,2.317768634170759,1.8751714444336225
2018-10-26,2.3447703032359786,1.9105808159919202
2018-10-29,2.3285028342724505,1.9128180441330578
2018-10-30,2.3541072693086385,1.938127542661776
2018-10-31,2.30088206750765,1.9252811251268667
2018-11-01,2.2980803734843755,1.9433841285876132
2018-11-02,2.322677334879387,1.9594136628460785
2018-11-05,2.362607014665133,1.9906945366823274
2018-11-06,2.3534437331286053,1.9880414249416498
2018-11-07,2.337040843277583,1.9760424105266972
2018-11-08,2.279085601051973,1.94725593117058
2018-11-09,2.2840849219315658,1.9528360237909652
2018-11-12,2.2580823116880118,1.9393916766707582
2018-11-13,2.291984436309394,1.9622923739583937
2018-11-14,2.309713646713107,1.972183795133691
2018-11-15,2.2712631969475616,1.9542696890717572
2018-11-16,2.2126637812037364,1.930591926786951
2018-11-19,2.2238577325451607,1.9372304678490788
2018-11-20,2.1955987062851534,1.9314230449177778
2018-11-21,2.2174038933813867,1.9552343107993428
2018-11-23,2.2232775347634752,1.9617124807494144
2018-11-26,2.2768864575642445,1.9990765370393382
2018-11-27,2.267094732880614,1.9869657015383821
2018-11-28,2.268396614280795,1.9995569737263388
2018-11-29,2.308870723647142,2.0200687351409683
2018-11-30,2.2416140570632757,1.9566140163851695
2018-12-03,2.233370545865422,1.9475335226559032
2018-12-04,2.191928098193433,1.910904359918196
2018-12-06,2.1965521632824982,1.9061383042630082
2018-12-07,2.198435227943076,1.9045509201799489
2018-12-10,2.2083323857525774,1.914697886113221
2018-12-11,2.2240059810915493,1.9154964670798402
2018-12-12,2.1860706143519057,1.8861803157725263
2018-12-13,2.1511285407020675,1.8486274244881653
2018-12-14,2.1496409093105595,1.838761803654297
2018-12-17,2.116226995391802,1.8159733983056598
2018-12-18,2.074332884193625,1.7832103382805284
2018-12-19,2.0365657955185426,1.7540073485685734
2018-12-20,1.975885973225037,1.7036656693942178
2018-12-21,2.0731891090084194,1.777835177957255
2018-12-24,2.0867623004960483,1.795358225984086
2018-12-26,2.0865835077981494,1.7958206939945611
2018-12-27,2.106465727598233,1.811938521198133
2018-12-28,2.0997276423417075,1.808238527994743
2018-12-31,2.021470752768305,1.7754298538126756
2019-01-02,2.081793768680458,1.8297673050100067
2019-01-03,2.0877398612509275,1.841295799234681
2019-01-04,2.1120467367823874,1.854763719109018
2019-01-07,2.1315577234525818,1.8695556319953108
2019-01-08,2.1427748591840565,1.8831104389967175
2019-01-09,2.127966714440435,1.8807359708417553
2019-01-10,2.106758307413588,1.8693421849567042
2019-01-11,2.1295260694205935,1.8898134444302306
2019-01-14,2.139226573265585,1.896043359993262
2019-01-15,2.150201876556035,1.9104503322320479
2019-01-16,2.169094002727188,1.9353495268028114
2019-01-17,2.1428357979284005,1.9127469154435932
2019-01-18,2.149164270025654,1.913604890820874
2019-01-22,2.1449732602746323,1.918995364764781
2019-01-23,2.1676614564066994,1.9294830122408229
2019-01-24,2.1601875161039223,1.9198234888648809
2019-01-25,2.155408462206471,1.9214615074594337
2019-01-28,2.2160311893062627,1.9402644882745033
2019-01-29,2.244276625896179,1.9605615244609205
2019-01-30,2.245118809753463,1.9582330157320942
2019-01-31,2.271685860079775,1.9670962420485976
2019-02-01,2.2826606075071645,1.9669328819289302
2019-02-04,2.272967471161645,1.9677965196647556
2019-02-05,2.258726755636092,1.9605262392354068
2019-02-06,2.26225736280876,1.958728032356022
2019-02-07,2.253258548697874,1.9598891217733492
2019-02-08,2.2709199212168536,1.9858312405459586
2019-02-11,2.272103550803116,1.9910117018721005
2019-02-12,2.2677161671278467,1.976927090051961
2019-02-13,2.283187773817009,2.0038435215247525
2019-02-14,2.29176363914784,2.0081066305161053
2019-02-15,2.30089104351803,2.0137291890077678
2019-02-19,2.2964194967427747,2.0061472012034414
2019-02-20,2.313321562269272,2.014723481545276
2019-02-21,2.3138517498238187,2.0140187354826105
2019-02-22,2.3149237995009933,2.009474466521434
2019-02-25,2.3198081399717476,2.014535051574214
2019-02-26,2.3022907927853797,2.0133072342864686
2019-02-27,2.320994698323203,2.0245842867414443
2019-02-28,2.3225310783818376,2.0184127095440605
2019-03-01,2.3196369996552453,2.0101924496986108
2019-03-04,2.306523784014714,1.991019867852006
2019-03-05,2.293245764095719,1.9793138092624605
2019-03-06,2.291857505164944,1.9784386801199159
2019-03-07,2.3381709269528836,2.004610658188671
2019-03-08,2.3542092644166877,2.010698645379579
2019-03-11,2.3571368816968126,2.02477525338972
2019-03-12,2.366077276720547,2.025213519357591
2019-03-13,2.3873737155249444,2.039034193547592
2019-03-14,2.3914928858204236,2.0406430018470827
2019-03-15,2.376219884671706,2.0354202540575685
2019-03-18,2.378392426257303,2.01778711025747
2019-03-19,2.4222014866857466,2.0292425288395806
2019-03-20,2.39215158798459,1.9944978968625753
2019-03-21,2.3847937494193356,1.9919745102858313
2019-03-22,2.395794717761692,2.013106746767538
2019-03-25,2.395053675149147,2.006323878888883
2019-03-26,2.3987637121161165,2.0120902546046002
2019-03-27,2.419025535381602,2.0254264086724203
2019-03-28,2.437947054708428,2.049559678516921
2019-03-29,2.4457018334177882,2.0420995014733783
2019-04-01,2.4470722013495494,2.043598455872781
2019-04-02,2.4548662741645924,2.053246849523427
2019-04-03,2.471542939639863,2.068075445221368
2019-04-04,2.471542939639863,2.066129199346241
